Workbook

Sheet Κατάσταση Κεφαλαίων
A1: ΕΥΡΕΤΗΡΙΟ
A2: ΒΙΒΛΙΟΥ ΥΛΙΚΟΥ Δ/ΣΗΣ Π.Υ. ΝΟΜΟΥ ΚΕΡΚΥΡΑΣ ΟΙΚΟΝΟΜΙΚΟΥ ΕΤΟΥΣ 2024
A3: Α/Α | B3: ΚΕΦΑΛΑΙΟ ΜΕΡΟΣ ΤΜΗΜΑ | C3: ΣΕΛΙΔΑ | D3: ΟΝΟΜΑΣΙΑ ΥΛΙΚΟΥ
A4: 1 | B4: A.Α.Α. | C4: 2,3,4,5 | D4: ΥΓΕΙΟΝΟΜΙΚΟ ΥΛΙΚΟ | F4: Υγειονομικό Υλικό
A5: 2 | B5: Β.Α.Α. | C5: 6,7 | D5: ΕΙΔΗ ΜΑΓΕΙΡΙΚΩΝ ΣΚΕΥΩΝ | F5: Μαγειρικά Σκεύη
A6: 3 | B6: Β.Α.Β. | C6: 8,9 | D6: ΕΙΔΗ ΕΣΤΙΑΣΕΩΣ | F6: Είδη Εστιάσεως
A7: 4 | B7: Β.Α.Γ. | C7: 10,11,12,13,14,15 | D7: ΕΙΔΗ ΙΜΑΤΙΣΜΟΥ | F7: Είδη Ιματισμού
A8: 5 | B8: Β.Α.Δ. | C8: 16,17 | D8: ΣΗΜΑΙΕΣ - ΣΗΜΑΤΑ | F8: Σημαίες-Εμβλήματα
A9: 6 | B9: Β.Α.Ε. | C9: 18,19,20,21 | D9: ΑΝΑΠΝΕΥΣΤΙΚΕΣ ΣΥΣΚΕΥΕΣ - ΠΑΡΕΛΚΟΜΕΝΑ | F9: Αναπνευστικές
A10: 7 | B10: Γ.Α.Α. | C10: 22,23,24,25,26,27 | D10: ΟΧΗΜΑΤΑ ΕΝ ΓΕΝΕΙ | F10: Οχήματα
A11: 8 | B11: Γ.Α.Γ. | C11: 28,29 | D11: ΑΝΤΑΛΛΑΚΤΙΚΑ ΟΧΗΜΑΤΩΝ MAGIRUS DEUTZ | F11: Ανταλλακτικά Οχ.
A12: 9 | B12: Γ.Α.Ζ. | C12: 30,31 | D12: ΑΝΤΑΛΛΑΚΤΙΚΑ ΥΔΡΑΥΛΙΚΩΝ ΚΛΙΜΑΚΩΝ | F12: Παρελκ.Κλίμακ.Οχ
A13: 10 | B13: Γ.Α.Η. | C13: 32,33,34,35,36,37,38,39,184,185,186,187,188,189,190,191 | D13: ΑΝΤΑΛΛΑΚΤΙΚΑ ΔΙΑΦΟΡΩΝ ΤΥΠΩΝ ΟΧΗΜΑΤΩΝ | F13: Παρελκόμενα Οχ.
A14: 11 | B14: Γ.Α.Θ. | C14: 40,41 | D14: ΕΡΓΑΛΕΙΑ ΟΧΗΜΑΤΩΝ ΕΝ ΓΕΝΕΙ | F14: Εργαλεία Οχ.
A15: 12 | B15: Γ.Α.Ι. | C15: 42,43,44,45,46,47,48,49 | D15: ΔΙΑΦΟΡΕΣ ΥΛΕΣ ΑΝΑΛΩΣΙΜΑ | F15: Καύσιμα
... A36: 34 | B36: Δ.Β.Ε. | C36: 180,181 | D36: ΕΙΔΙΚΟΣ ΠΥΡ/ΚΟΣ ΕΞΟΠΛΙΣΜΟΣ | F36: ΚΕΝΗ
A37: 35 | B37: Δ.Β.Ζ. | C37: 182,183 | D37: ΕΝΑΕΡΙΑ ΜΕΣΑ-ΠΑΡΕΛΚΟΜΕΝΑ
A38: 36
A39: Βεβαιώνεται ότι το παρών Βιβλίο Υλικού της αυθύπαρκτης Διαχείρισης Υλικού της ΔI.Π.Υ.Νομού Κέρκυρας σελιδομετρήθηκε και περιέχει Εκατόν Ογδόντα πέντε(185) σελίδες,υπό αύξοντα αριθμό ένα (1) έως και Εκατόν Ογδόντα πέντε(185)
A42: Το Οικονομικό Συμβούλιο
B44: Ο Πρόεδρος | D44: Ο Διαχειριστής Υλικού
B48: Νικόλαος Γ. Κόλλας | D48: Μπόγδος Κ. Νεκτάριος
B49: Πύραρχος ΓΚ | D49: Υποπυραγός ΕΤ ΓΚ

Sheet Σελίδα 1
A1: ΥΛΙΚΟΥ ΔΙΟΙΚΗΣΗΣ Π.Υ. ΝΟΜΟΥ ΚΕΡΚΥΡΑΣ
E3: 2025
A12: Χ | B12: Π | C12: Χ | D12: Π | E12: Χ | F12: Π | G12: Χ | H12: Π | I12: Χ | J12: Π | K12: Χ | L12: Π | M12: Χ | N12: Π | O12: Χ | P12: Π | Q12: Χ | R12: Π | S12: Χ | T12: Π

Sheet AΑΑ(2)
A1: ΒΙΒΛΙΟ | X1: ΥΛΙΚΟΥ ΔΙΟΙΚΗΣΗΣ Π.Υ. ΝΟΜΟΥ ΚΕΡΚΥΡΑΣ
A3: Αύξων αριθμός δικαιολογητικών | B3: 2026 | D3: Σελίδα 2 | K3: Κιβώτια Φαρμακείων Α΄ Βοηθειών | M3: Στηθοσκόπιο Ιατρείου | O3: Φορεία Μεταφοράς τραυματιών (πτυσόμενα) | Q3: Νάρθηκες Γενικά κνήμης-χειρός | S3: Συσκευή Τεχνιτής αναπνοής | U3: Συσκευές Ανάληψης με φιαλίδιο & αεροπνεύμονα | X3: Συσκευή Καρδιο-αναλήψης | Z3: Σάκοι πτωμάτων | AB3: Κολλάρα Αυχένα | AD3: Συσκευές Αναπνευστικής Αναννήψεως | AF3: Κουβέρτα Ισοθερμική | AH3: Φορεία Α/Δ (αναδιπλούμενα) | AJ3: Φορεία τύπου Κουταλιού | AL3: Φορεία τύπου καλαθιού (IVECO Δασών) | AN3: Νάρθηκας (σύστημα) ακινητοποίησης κεφαλής φορείου | AP3: Φορεία τύπου σανίδας
D5: ΛΕΠΤΟΜΕΡΕΙΕΣ
B7: Μήνας | C7: Ημέρα
D8: Αύξων αριθμός ονομαστικού | K8: 31 | M8: 51 | O8: 59 | Q8: 79 | S8: 80 | U8: 110 | X8: 117 | Z8: 217 | AB8: 265 | AD8: 274 | AF8: 281α | AH8: 284 | AJ8: 284α | AL8: 284β | AN8: 293 | AP8: 298
D10: Α.΄Α.΄Α.΄
D12: ΥΓΕΙΟΝΟΜΙΚΟ ΥΛΙΚΟ | K12: Χ | L12: Π | M12: Χ | N12: Π | O12: Χ | P12: Π | Q12: Χ | R12: Π | S12: Χ | T12: Π | U12: Χ | V12: Π | X12: Χ | Y12: Π | Z12: Χ | AA12: Π | AB12: Χ | AC12: Π | AD12: Χ | AE12: Π | AF12: Χ | AG12: Π | AH12: Χ | AI12: Π | AJ12: Χ | AK12: Π | AL12: Χ | AM12: Π | AN12: Χ | AO12: Π | AP12: Χ | AQ12: Π
B13: Ιανουάριος | C13: 1 | D13: Υπόλοιπο από μεταφορά έτους 2023 | K13: 43 | L13: 0 | M13: 1 | N13: 0 | O13: 4 | P13: 0 | Q13: 10 | R13: 0 | S13: 1 | T13: 0 | U13: 4 | V13: 0 | X13: 1 | Y13: 0 | Z13: 20 | AA13: 0 | AB13: 5 | AC13: 0 | AD13: 1 | AE13: 0 | AF13: 2 | AG13: 0 | AH13: 8 | AI13: 0 | AJ13: 3 | AK13: 0 | AL13: 5 | AM13: 0 | AN13: 2 | AO13: 0 | AP13: 7 | AQ13: 0
A14: 1 | B14: Μάιος | C14: 15 | D14: Εγγραφή με τ.α.α.119 ΥΔΙΠΥΛ για Π.Σ. 5428 (Δγη 2208 Φ.544.1/15-01-2026) | K14: 1
A15: 2 | B15: Μάιος | C15: 20 | D15: Εγγραφή με τ.α.α. 983 ΥΔΙΠΥΛ για Π.Σ.5740 και Π.Σ.5741 (Δγη11526/26-06-2026) | K15: 2
A16: 3 | B16: Μάιος | C16: 22 | D16: Εγγραφή με τ.α.α.1650 ΥΔΙΠΥΛ για Π.Σ.5479 (Δγη 12424 Φ.544.1/02-03-2026) | K16: 1 | Z16: 3

Sheet AΑΑ(4)
A1: ΒΙΒΛΙΟ | X1: ΥΛΙΚΟΥ ΔΙΟΙΚΗΣΗΣ Π.Υ. ΝΟΜΟΥ ΚΕΡΚΥΡΑΣ
A3: Αύξων αριθμός δικαιολογητικών | B3: 2026 | D3: Σελίδα 4
D5: ΛΕΠΤΟΜΕΡΕΙΕΣ
B7: Μήνας | C7: Ημέρα
D8: Αύξων αριθμός ονομαστικού
D10: Α.΄Α.΄Α.΄
D12: ΥΓΕΙΟΝΟΜΙΚΟ ΥΛΙΚΟ | K12: Χ | L12: Π | M12: Χ | N12: Π | O12: Χ | P12: Π | Q12: Χ | R12: Π | S12: Χ | T12: Π | U12: Χ | V12: Π | X12: Χ | Y12: Π | Z12: Χ | AA12: Π | AB12: Χ | AC12: Π | AD12: Χ | AE12: Π | AF12: Χ | AG12: Π | AH12: Χ | AI12: Π | AJ12: Χ | AK12: Π | AL12: Χ | AM12: Π | AN12: Χ | AO12: Π | AP12: Χ | AQ12: Π
D13: Υπόλοιπο από μεταφορά έτους 2023

Sheet ΒΑΑ(6)
A1: ΒΙΒΛΙΟ | X1: ΥΛΙΚΟΥ ΔΙΟΙΚΗΣΗΣ Π.Υ. ΝΟΜΟΥ ΚΕΡΚΥΡΑΣ
A3: Αύξων αριθμός δικαιολογητικών | B3: 2026 | D3: Σελίδα 6 | K3: Ντουλάπες μεταλλίκες διάφορες | M3: Ηλεκτρικές <Συσκευές> κουζίινες (4) εστιών με ηλεκτρικό φούρνο | O3: Συσκευές υγραερίου τριών(3) εστιών με ηλεκτρικό κλίβανο | Q3: Τοστιέρες γενικά | S3: Καφετιέρα παραγωγής καφέ φίλτρου | U3: Φουρνάκι Ηλεκτρικό Davoline Futura (Αξιωματικών) | X3: Φούρνος Μικροκυμάτων
D5: ΛΕΠΤΟΜΕΡΕΙΕΣ
B7: Μήνας | C7: Ημέρα
D8: Αύξων αριθμός ονομαστικού | K8: 4α | M8: 46 | O8: 49 | Q8: 83 | S8: 91 | U8: 96 | X8: 98
D10: Β.΄Α.΄Α.΄
D12: ΕΙΔΗ ΜΑΓΕΙΡΙΚΩΝ ΣΚΕΥΩΝ | K12: Χ | L12: Π | M12: Χ | N12: Π | O12: Χ | P12: Π | Q12: Χ | R12: Π | S12: Χ | T12: Π | U12: Χ | V12: Π | X12: Χ | Y12: Π | Z12: Χ | AA12: Π | AB12: Χ | AC12: Π | AD12: Χ | AE12: Π | AF12: Χ | AG12: Π | AH12: Χ | AI12: Π | AJ12: Χ | AK12: Π | AL12: Χ | AM12: Π | AN12: Χ | AO12: Π | AP12: Χ | AQ12: Π
B13: Ιανουάριος | C13: 1 | D13: Υπόλοιπο από μεταφορά έτους 2023 | K13: 1 | L13: 0 | M13: 2 | N13: 0 | O13: 1 | P13: 0 | Q13: 1 | R13: 0 | S13: 1 | T13: 0 | U13: 1 | V13: 0 | X13: 1 | Y13: 0

Sheet ΒΑΒ(8)
A1: ΒΙΒΛΙΟ | X1: ΥΛΙΚΟΥ ΔΙΟΙΚΗΣΗΣ Π.Υ. ΝΟΜΟΥ ΚΕΡΚΥΡΑΣ
A3: Αύξων αριθμός δικαιολογητικών | B3: 2026 | D3: Σελίδα 8 | K3: Ψυγείο φορητό πάγου τροφίμων | M3: Ψυγεία ηλεκτρικά οικιακής χρήσεως | O3: Ψυγεία ηλεκτρικά επαγγελματικής χρήσεως | Q3: Κουζίνες Ηλεκτρικές διαφόρων τύπων
D5: ΛΕΠΤΟΜΕΡΕΙΕΣ
B7: Μήνας | C7: Ημέρα
D8: Αύξων αριθμός ονομαστικού | K8: 39α | M8: 40 | O8: 41 | Q8: 91
D10: Β.΄Α.΄Β.΄
D12: ΕΙΔΗ ΕΣΤΙΑΣΕΩΣ | K12: Χ | L12: Π | M12: Χ | N12: Π | O12: Χ | P12: Π | Q12: Χ | R12: Π | S12: Χ | T12: Π | U12: Χ | V12: Π | X12: Χ | Y12: Π | Z12: Χ | AA12: Π | AB12: Χ | AC12: Π | AD12: Χ | AE12: Π | AF12: Χ | AG12: Π | AH12: Χ | AI12: Π | AJ12: Χ | AK12: Π | AL12: Χ | AM12: Π | AN12: Χ | AO12: Π | AP12: Χ | AQ12: Π
B13: Ιανουάριος | C13: 1 | D13: Υπόλοιπο από μεταφορά έτους 2023 | K13: 1 | L13: 0 | M13: 13 | N13: 0 | O13: 1 | P13: 0 | Q13: 5 | R13: 0

Sheet ΒΑΓ(10)
A1: ΒΙΒΛΙΟ | X1: ΥΛΙΚΟΥ ΔΙΟΙΚΗΣΗΣ Π.Υ. ΝΟΜΟΥ ΚΕΡΚΥΡΑΣ
A3: Αύξων αριθμός δικαιολογητικών | B3: 2026 | D3: Σελίδα 10 | K3: Ειδικές Ζώνες "5" σημείων πρόσδεσης & Πυρ/κές ζώνες διάσωσης | M3: Ειδικές Ζώνες Διάσωσης | O3: Κλίνες Σιδηρές | Q3: Κρεβάτια κοινά Ξύλινα | S3: Κουβέρτες Μάλλινες τραυματιών | U3: Συσκευές για ενδοσυνεννόηση Πυρ/κών κρανών | X3: Στρώματα | Z3: Στρώματα τύπου στωματέξ (με καλύμματα) | AB3: Υποδήματα ελαστικά μηρού (γαλότσες) σε ζεύγη | AD3: Υποδήματα ελαστικά υψηλά (μπότες πλημμυρών) σε ζεύγη | AF3: Πλαστικά Παγούρια "5" λίτρων | AH3: Σετ Φόρμες αδιάβροχες (Νιντσεράδες) χιτώνιο/ παντελ. | AJ3: Γιλέκα αντανακλαστικά | AL3: Κράνη Μοτοσυκ/στών | AN3: Ζευγάρια Γάντια | AP3: Ορειβατικά Κράνη
D5: ΛΕΠΤΟΜΕΡΕΙΕΣ
B7: Μήνας | C7: Ημέρα
D8: Αύξων αριθμός ονομαστικού | K8: 4 | M8: 4α | O8: 7 | Q8: 9 | S8: 10 | U8: 13δ | X8: 21 | Z8: 26α | AB8: 93 | AD8: 94 | AF8: 149 | AH8: 160 | AJ8: 165 | AL8: 166 | AN8: 169α | AP8: 175
D10: Β.΄Α.΄Γ.΄
D12: ΕΙΔΗ ΙΜΑΤΙΣΜΟΥ | K12: Χ | L12: Π | M12: Χ | N12: Π | O12: Χ | P12: Π | Q12: Χ | R12: Π | S12: Χ | T12: Π | U12: Χ | V12: Π | X12: Χ | Y12: Π | Z12: Χ | AA12: Π | AB12: Χ | AC12: Π | AD12: Χ | AE12: Π | AF12: Χ | AG12: Π | AH12: Χ | AI12: Π | AJ12: Χ | AK12: Π | AL12: Χ | AM12: Π | AN12: Χ | AO12: Π | AP12: Χ | AQ12: Π
B13: Ιανουάριος | C13: 1 | D13: Υπόλοιπο από μεταφορά έτους 2023 | K13: 14 | L13: 0 | M13: 2 | N13: 0 | O13: 68 | P13: 0 | Q13: 27 | R13: 0 | S13: 4 | T13: 0 | U13: 2 | V13: 0 | X13: 10 | Y13: 0 | Z13: 70 | AA13: 0 | AB13: 89 | AC13: 0 | AD13: 10 | AE13: 0 | AF13: 2 | AG13: 0 | AH13: 28 | AI13: 0 | AJ13: 2 | AK13: 0 | AL13: 6 | AM13: 0 | AN13: 255 | AO13: 0 | AP13: 6 | AQ13: 0
A14: 1 | B14: Μάιος | C14: 14 | D14: Εγγραφή με τ.α.α.13 για αγορά ειδών από το εμπόριο(Απ.Ανάλ.Υποχρ.3279/9-3-2026) | AN14: 3
A15: 2 | B15: Μάιος | C15: 22 | D15: Εγγραφή με τ.α.α.1652 ΥΔΙΠΥΛ για Π.Σ.5479 (Δγη 12424 Φ.544.1/02-03-2026)

Sheet ΒΑΓ(12)
A1: ΒΙΒΛΙΟ | X1: ΥΛΙΚΟΥ ΔΙΟΙΚΗΣΗΣ Π.Υ. ΝΟΜΟΥ ΚΕΡΚΥΡΑΣ
A3: Αύξων αριθμός δικαιολογητικών | B3: 2026 | D3: Σελίδα 12 | K3: Ζακέτες αδιάβροχες τύπου Ανοραλ | M3: Αδιάβροχα | O3: Φακοί ορειβατικών κρανών | Q3: Ελαστικά Υποδήματα σε ζεύγη (μέσης) με ενσωματωμένο αδιάβροχο παντελόνι | S3: Ζεύγη γάντια μοτοσυκ/τών | U3: Τζάκετ μοτοσυκ/τών | X3: Επιγονατίδες μοτοσυκ/τών | Z3: Θώρακες μοτοσυκ/των | AB3: Άρβυλα (Αστικά) | AD3: Άρβυλα Δασοπυροσβεστών | AF3: Κουκούλες Διαφυγής | AH3: Φόρμες Υλοτομίας | AJ3: Σάκοι μεταφοράς εργαλείων | AL3: Σκηνές 8 ατόμων | AN3: Φόρμες Εργασίας Εποχικών
D5: ΛΕΠΤΟΜΕΡΕΙΕΣ
B7: Μήνας | C7: Ημέρα
D8: Αύξων αριθμός ονομαστικού | K8: 179 | M8: 179δ | O8: 182 | Q8: 187 | S8: 229 | U8: 230 | X8: 232 | Z8: 233 | AB8: 152 | AD8: 152α | AF8: 234α | AH8: 96α | AJ8: 150β | AL8: 133 | AN8: 196
D10: Β.΄Α.΄Γ.΄
D12: ΕΙΔΗ ΙΜΑΤΙΣΜΟΥ | K12: Χ | L12: Π | M12: Χ | N12: Π | O12: Χ | P12: Π | Q12: Χ | R12: Π | S12: Χ | T12: Π | U12: Χ | V12: Π | X12: Χ | Y12: Π | Z12: Χ | AA12: Π | AB12: Χ | AC12: Π | AD12: Χ | AE12: Π | AF12: Χ | AG12: Π | AH12: Χ | AI12: Π | AJ12: Χ | AK12: Π | AL12: Χ | AM12: Π | AN12: Χ | AO12: Π | AP12: Χ | AQ12: Π
B13: Ιανουάριος | C13: 1 | D13: Υπόλοιπο από μεταφορά έτους 2023 | K13: 25 | L13: 0 | M13: 42 | N13: 0 | O13: 11 | P13: 0 | Q13: 10 | R13: 0 | S13: 6 | T13: 0 | U13: 6 | V13: 0 | X13: 2 | Y13: 0 | Z13: 2 | AA13: 0 | AB13: 140 | AC13: 0 | AD13: 178 | AE13: 0 | AF13: 2 | AG13: 0 | AH13: 10 | AI13: 0 | AJ13: 54 | AK13: 0 | AL13: 0 | AM13: 0 | AN13: 0 | AO13: 0
A14: 1 | AJ14: 36

Sheet ΒΑΓ(14)
A1: ΒΙΒΛΙΟ | X1: ΥΛΙΚΟΥ ΔΙΟΙΚΗΣΗΣ Π.Υ. ΝΟΜΟΥ ΚΕΡΚΥΡΑΣ
A3: Αύξων αριθμός δικαιολογητικών | B3: 2026 | D3: Σελίδα 14
D5: ΛΕΠΤΟΜΕΡΕΙΕΣ
B7: Μήνας | C7: Ημέρα
D8: Αύξων αριθμός ονομαστικού
D10: Β.΄Α.΄Γ.΄
D12: ΕΙΔΗ ΙΜΑΤΙΣΜΟΥ | K12: Χ | L12: Π | M12: Χ | N12: Π | O12: Χ | P12: Π | Q12: Χ | R12: Π | S12: Χ | T12: Π | U12: Χ | V12: Π | X12: Χ | Y12: Π | Z12: Χ | AA12: Π | AB12: Χ | AC12: Π | AD12: Χ | AE12: Π | AF12: Χ | AG12: Π | AH12: Χ | AI12: Π | AJ12: Χ | AK12: Π | AL12: Χ | AM12: Π | AN12: Χ | AO12: Π | AP12: Χ | AQ12: Π
D13: Υπόλοιπο από μεταφορά έτους 2023

Sheet ΒΑΔ(16)
A1: ΒΙΒΛΙΟ | X1: ΥΛΙΚΟΥ ΔΙΟΙΚΗΣΗΣ Π.Υ. ΝΟΜΟΥ ΚΕΡΚΥΡΑΣ
A3: Αύξων αριθμός δικαιολογητικών | B3: 2026 | D3: Σελίδα 16 | K3: Εμβλήματα αναμνηστικά Π.Σ. | M3: Εμβλήματα ορειχάλκινα μεγάλα | O3: Εμβλήματα ορειχάλκινα μικρά | Q3: Σημαίες Δημοσίων Καταστημάτων
D5: ΛΕΠΤΟΜΕΡΕΙΕΣ
B7: Μήνας | C7: Ημέρα
D8: Αύξων αριθμός ονομαστικού | K8: 3 | M8: 4 | O8: 5 | Q8: 14
D10: Β.΄Α.΄Δ.΄
D12: ΣΗΜΑΙΕΣ - ΣΗΜΑΤΑ | K12: Χ | L12: Π | M12: Χ | N12: Π | O12: Χ | P12: Π | Q12: Χ | R12: Π | S12: Χ | T12: Π | U12: Χ | V12: Π | X12: Χ | Y12: Π | Z12: Χ | AA12: Π | AB12: Χ | AC12: Π | AD12: Χ | AE12: Π | AF12: Χ | AG12: Π | AH12: Χ | AI12: Π | AJ12: Χ | AK12: Π | AL12: Χ | AM12: Π | AN12: Χ | AO12: Π | AP12: Χ | AQ12: Π
B13: Ιανουάριος | C13: 1 | D13: Υπόλοιπο από μεταφορά έτους 2023 | K13: 1 | L13: 0 | M13: 1 | N13: 0 | O13: 1 | P13: 0 | Q13: 0 | R13: 0

Sheet ΒΑΕ(18)
A1: ΒΙΒΛΙΟ | X1: ΥΛΙΚΟΥ ΔΙΟΙΚΗΣΗΣ Π.Υ. ΝΟΜΟΥ ΚΕΡΚΥΡΑΣ
A3: Αύξων αριθμός δικαιολογητικών | B3: 2026 | D3: Σελίδα 18 | K3: Αναπν. Συσκευές μικρού μεγέθους περιορισμένου χώρου πλήρεις | M3: Αναπνευστικές Συσκευές Α/Κ με φιάλες ανθρα/νημάτων 6,8 Lt (Πλήρεις) | O3: Αεροσυμπιεστές πληρώσεως φιαλών Α/Σ (Bauer) | Q3: Προσωπίδες διαφόρων τύπων από ελαστικό | S3: Φιάλες χαλύβδυνες (6Lt) αναπνευστικών συσκευών | U3: Φίλτρα ατομικών προσωπίδων | X3: Συσκευή ανίχνευσης εκρηκτικών μειγμάτων Mini-Warn B Νο: 6408080 | Z3: Ατομικές προσωπίδες αναπνευστικών συσκευών | AB3: Εφεδρικά συστήματα παροχής αέρα | AD3: Πλάτες από πλαστικό αναπνευστικών συσκευών (Interspiro) | AF3: Αεροπνεύμονες αναπνευστικών συσκευών | AH3: Βιβλίο οδηγιών χρήσης ανιχνευτή αερίων | AJ3: Επαναφ/ζόμενη μπαταρία ανιχνευτή αερίων | AL3: Σύνδεσμος Φόρτισης ανιχνευτή αερίων | AN3: Φορτιστής μπαταρίας ανιχνευτή αερίων | AP3: Θήκη μεταφοράς ανιχνευτή αερίων
D5: ΛΕΠΤΟΜΕΡΕΙΕΣ
B7: Μήνας | C7: Ημέρα
D8: Αύξων αριθμός ονομαστικού | K8: 4β | M8: 4γ | O8: 6 | Q8: 19 | S8: 26α | U8: 28 | X8: 42β | Z8: 43 | AB8: 93 | AD8: 123 | AF8: 145 | AH8: 153α | AJ8: 179 | AL8: 180 | AN8: 181 | AP8: 182
D10: Β.΄Α.΄Ε.΄
D12: ΑΝΑΠΝΕΥΣΤΙΚΕΣ ΣΥΣΚΕΥΕΣ - ΠΑΡΕΛΚΟΜΕΝΑ | K12: Χ | L12: Π | M12: Χ | N12: Π | O12: Χ | P12: Π | Q12: Χ | R12: Π | S12: Χ | T12: Π | U12: Χ | V12: Π | X12: Χ | Y12: Π | Z12: Χ | AA12: Π | AB12: Χ | AC12: Π | AD12: Χ | AE12: Π | AF12: Χ | AG12: Π | AH12: Χ | AI12: Π | AJ12: Χ | AK12: Π | AL12: Χ | AM12: Π | AN12: Χ | AO12: Π | AP12: Χ | AQ12: Π
B13: Ιανουάριος | C13: 1 | D13: Υπόλοιπο από μεταφορά έτους 2023 | K13: 2 | L13: 0 | M13: 6 | N13: 0 | O13: 1 | P13: 0 | Q13: 27 | R13: 0 | S13: 73 | T13: 0 | U13: 77 | V13: 0 | X13: 2 | Y13: 0 | Z13: 88 | AA13: 0 | AB13: 2 | AC13: 0 | AD13: 53 | AE13: 0 | AF13: 74 | AG13: 0 | AH13: 1 | AI13: 0 | AJ13: 1 | AK13: 0 | AL13: 1 | AM13: 0 | AN13: 1 | AO13: 0 | AP13: 1 | AQ13: 0
A14: 1 | B14: Απρίλιος | C14: 8 | D14: Εγγραφή με τ.α.α.15/2026 για επισκευή ΑΣΑΚ (Αποφ.Αναλ.Υποχ.2245/19-02-2026)
A15: 2 | B15: Απρίλιος | C15: 21 | D15: Εγγραφή με τ.α.α.11/2026 για επισκευή ΑΣΑΚ (Απευθ.Ανάθ.1165 Φ.511/13-03-2026))
A16: 3 | B16: Μάιος | C16: 13 | D16: Εγγραφή με τ.α.α.12 για αγορά ειδών από το εμπόριο(Απ.Αναλ.Υποχρ.3356/10-3-2026)
A17: 4 | B17: Μάιος | C17: 22 | D17: Εγγραφή με τ.α.α.1651 ΥΔΙΠΥΛ για Π.Σ.5479 (Δγη 12424 Φ.544.1/02-03-2026) | M17: 3
A18: 5 | B18: Ιούλιος | C18: 29 | D18: Εγγραφή με τ.α.α.33 για αγορά ειδών από το εμπόριο(Απ.Αναλ.Υποχρ.13811/22-7-2026)
A19: 6 | B19: Ιούλιος | C19: 30 | D19: Εγγραφή με τ.α.α.36 για αγορά ειδών από το εμπόριο(Απ.Αναλ.Υποχρ.13811/22-7-2026)

Sheet ΒΑΕ(20)
A1: ΒΙΒΛΙΟ | X1: ΥΛΙΚΟΥ ΔΙΟΙΚΗΣΗΣ Π.Υ. ΝΟΜΟΥ ΚΕΡΚΥΡΑΣ
A3: Αύξων αριθμός δικαιολογητικών | B3: 2026 | D3: Σελίδα 20 | K3: Χειροκίνητη αντλία ανιχνευτή αερίων | M3: Πληρωτής με σωλήνα 10μ. Ανιχνευτή αερίων | O3: Τηλεσκοπικός ιστός ανιχνευτή αερίων | Q3: Φιάλες Ανθρακονη/των (6,8 lt) | S3: Συσκευή Συναγερμού Ακινητοποιημένου Ατόμου | U3: Φακοί | X3: Φορτιστές Μπαταριών | Z3: Σετ Αντ/κών για έλεγχο εξαετίας | AB3: Αντ/κα Επισκευής Γενικά | AD3: Σωλήνες Μανόμετρων | AF3: Μανόμετρα
D5: ΛΕΠΤΟΜΕΡΕΙΕΣ
B7: Μήνας | C7: Ημέρα
D8: Αύξων αριθμός ονομαστικού | K8: 183 | M8: 184 | O8: 185 | Q8: 203 | S8: 218 | U8: 51 | X8: 80 | Z8: 109 | AB8: 221 | AD8: 24 | AF8: 17
D10: Β.΄Α.΄Ε.΄
D12: ΑΝΑΠΝΕΥΣΤΙΚΕΣ ΣΥΣΚΕΥΕΣ - ΠΑΡΕΛΚΟΜΕΝΑ | K12: Χ | L12: Π | M12: Χ | N12: Π | O12: Χ | P12: Π | Q12: Χ | R12: Π | S12: Χ | T12: Π | U12: Χ | V12: Π | X12: Χ | Y12: Π | Z12: Χ | AA12: Π | AB12: Χ | AC12: Π | AD12: Χ | AE12: Π | AF12: Χ | AG12: Π | AH12: Χ | AI12: Π | AJ12: Χ | AK12: Π | AL12: Χ | AM12: Π | AN12: Χ | AO12: Π | AP12: Χ | AQ12: Π
B13: Ιανουάριος | C13: 1 | D13: Υπόλοιπο από μεταφορά έτους 2023 | K13: 1 | L13: 0 | M13: 1 | N13: 0 | O13: 1 | P13: 0 | Q13: 10 | R13: 0 | S13: 3 | T13: 0 | U13: 0 | V13: 0 | X13: 0 | Y13: 0 | Z13: 0 | AA13: 0 | AB13: 0 | AC13: 0 | AD13: 0 | AE13: 0 | AF13: 0 | AG13: 0
A14: 1 | Z14: 1 | AB14: 1 | AD14: 1 | AF14: 1
A15: 2 | AB15: 27 | AD15: 4 | AF15: 1
A16: 3 | AB16: 1
A17: 4
A18: 5 | AB18: 6
A19: 6 | AB19: 6

Sheet ΓΑΑ(22)
A1: ΒΙΒΛΙΟ | X1: ΥΛΙΚΟΥ ΔΙΟΙΚΗΣΗΣ Π.Υ. ΝΟΜΟΥ ΚΕΡΚΥΡΑΣ
A3: Αύξων αριθμός δικαιολογητικών | B3: 2026 | D3: Σελίδα 22 | K3: Φορτηγό κλειστό Mercedes MB-100 D | M3: Υδροφόρο 5 τόνων STEYR | O3: Επιβατικά Citroen | Q3: Επιβατικό βοηθητικό οχημα VW PASSAT (ΠΣ 4354) | S3: Πυροσβεστικά Οχήματα Αστικού Τύπου έως 1500LT | U3: Επιβατηκά οχηματα τυπου Mitstubishi (Τζιπ) | X3: Επιβατηκά οχηματα τυπου Mitstubishi L 300 (Φορτηγό Window-Van) | Z3: Επιβατηγό Opel-Vectra | AB3: Υδροφόρο 1 τόνου Mercedes 711 D | AD3: Κλιμακοφόρο όχημα 30μ SCANIA | AF3: Υδροφόρο 2,5 τόνων Mercedes Unimog 1750L(4x4) | AH3: Υδροφόρο 1 τόνου Mercedes Unimog 416/115(4x4) | AJ3: Υδροφόρο 2,5 τόνων Mercedes Unimog 2150L(4x4)2000 | AL3: Ερπυστριοφόρο BV 206 | AN3: Πλατφόρμα Πυρόσβεσης Ερπυστριοφόρο BV 206 | AP3: Πλατφόρμα Διάσωσης Ερπυστριοφόρο BV 206
D5: ΛΕΠΤΟΜΕΡΕΙΕΣ
B7: Μήνας | C7: Ημέρα
D8: Αύξων αριθμός ονομαστικού | K8: 61 | M8: 74α | O8: 362 | Q8: 102β | S8: 359 | U8: 120 | X8: 120α | Z8: 127 | AB8: 132 | AD8: 134 | AF8: 135β | AH8: 135γ | AJ8: 135ε | AL8: 148 | AN8: 149 | AP8: 150
D10: Γ.΄Α.΄Α.΄
D12: ΟΧΗΜΑΤΑ ΕΝ ΓΕΝΕΙ | K12: Χ | L12: Π | M12: Χ | N12: Π | Q12: Χ | R12: Π | S12: Χ | T12: Π | U12: Χ | V12: Π | X12: Χ | Y12: Π | Z12: Χ | AA12: Π | AB12: Χ | AC12: Π | AD12: Χ | AE12: Π | AF12: Χ | AG12: Π | AH12: Χ | AI12: Π | AJ12: Χ | AK12: Π | AL12: Χ | AM12: Π | AN12: Χ | AO12: Π | AP12: Χ | AQ12: Π
B13: Ιανουάριος | C13: 1 | D13: Υπόλοιπο από μεταφορά έτους 2023 | K13: 1 | L13: 0 | M13: 1 | N13: 0 | O13: 0 | P13: 0 | Q13: 1 | R13: 0 | S13: 0 | T13: 0 | U13: 1 | V13: 0 | X13: 1 | Y13: 0 | Z13: 1 | AA13: 0 | AB13: 1 | AC13: 0 | AD13: 1 | AE13: 0 | AF13: 1 | AG13: 0 | AH13: 3 | AI13: 0 | AJ13: 1 | AK13: 0 | AL13: 1 | AM13: 0 | AN13: 1 | AO13: 0 | AP13: 1 | AQ13: 0
A14: 1 | B14: Μάιος | C14: 15 | D14: Εγγραφή με τ.α.α.118 ΥΔΙΠΥΛ για Π.Σ. 5428 (Δγη 2208 Φ.544.1/15-01-2026))
A15: 2 | B15: Μάιος | C15: 5 | D15: Διαγραφή Π.Σ.1116 λόγω απόσυρσης(Δγη 26351 Φ.544.1 05-05-2026) | AA15: 1
A16: 3 | B16: Μάιος | C16: 20 | D16: Εγγραφή με τ.α.α. 982 ΥΔΙΠΥΛ για Π.Σ.5740 και Π.Σ.5741 (Δγη11526/26-06-2026) | O16: 2
A17: 4 | B17: Μάιος | C17: 22 | D17: Εγγραφή με τ.α.α.1649 ΥΔΙΠΥΛ για Π.Σ.5479 (Δγη 12424 Φ.544.1/02-03-2026) | S17: 1

Sheet ΓΑΑ(24)
A1: ΒΙΒΛΙΟ | X1: ΥΛΙΚΟΥ ΔΙΟΙΚΗΣΗΣ Π.Υ. ΝΟΜΟΥ ΚΕΡΚΥΡΑΣ
A3: Αύξων αριθμός δικαιολογητικών | B3: 2026 | D3: Σελίδα 24 | K3: Υδροφόρο 2,5 τόνων Iveco Magirus | M3: Οχήματα Steyr 10 τόνων (ΠΣ 1690) | O3: Επιβατηγό-Jeep Nissan TerranoSII | Q3: Επιβατηγό-Jeep CHEROKEE 2.8 (4x4) | S3: Oχημα NISSAN Pic Up (4x4) με αντλητικό συγκρότημα BMW | U3: Δίκυκλη Μοτοσικλέτα KLE 125 Kawasaki | X3: Διασωστικό Υδροφόρο Iveco | Z3: Λεωφορείο CITROEN JUMPER 15 Θέσεων | AB3: Φορτηγό Γενικής Χρήσης 1 1/4 (Καναδέζα) | AD3: Βραχιονοφόρο Καλαθοφόρο MERCEDES GB 22/3300 | AF3: Επιβατηγό SKODA OKTAVIA 1.8T | AH3: Υδροφόρο 10.000 Lt MERCEDES ACTROS | AJ3: MITSUBISHI L200 4X4 500LT | AL3: Υδροφόρο 1.000 Lt MERCEDES VARIO 315D | AN3: Υδροφόρο 2.500 Lt MERCEDES Atego(4X4) | AP3: Υδροφόρο 5.000 Lt MERCEDES ACTROS
D5: ΛΕΠΤΟΜΕΡΕΙΕΣ
B7: Μήνας | C7: Ημέρα
D8: Αύξων αριθμός ονομαστικού | K8: 154 | M8: 169 | O8: 199 | Q8: 203 | S8: 208 | U8: 210 | X8: 219 | Z8: 222 | AB8: 223 | AD8: 225 | AF8: 227 | AH8: 238 | AJ8: 239 | AL8: 242 | AN8: 253 | AP8: 274
D10: Γ.΄Α.΄Α.΄
D12: ΟΧΗΜΑΤΑ ΕΝ ΓΕΝΕΙ | K12: Χ | L12: Π | M12: Χ | N12: Π | O12: Χ | P12: Π | Q12: Χ | R12: Π | S12: Χ | T12: Π | U12: Χ | V12: Π | X12: Χ | Y12: Π | Z12: Χ | AA12: Π | AB12: Χ | AC12: Π | AD12: Χ | AE12: Π | AF12: Χ | AG12: Π | AH12: Χ | AI12: Π | AJ12: Χ | AK12: Π | AL12: Χ | AM12: Π | AN12: Χ | AO12: Π | AP12: Χ | AQ12: Π
B13: Ιανουάριος | C13: 1 | D13: Υπόλοιπο από μεταφορά έτους 2023 | K13: 1 | L13: 0 | M13: 1 | N13: 0 | O13: 1 | P13: 0 | Q13: 2 | R13: 0 | S13: 1 | T13: 0 | U13: 3 | V13: 0 | X13: 3 | Y13: 0 | Z13: 0 | AA13: 0 | AB13: 1 | AC13: 0 | AD13: 1 | AE13: 0 | AF13: 2 | AG13: 0 | AH13: 1 | AI13: 0 | AJ13: 3 | AK13: 0 | AL13: 1 | AM13: 0 | AN13: 1 | AO13: 0 | AP13: 1 | AQ13: 0
A14: 1
A15: 2
A16: 3
A17: 4

Sheet ΓΑΑ(26)
A1: ΒΙΒΛΙΟ | X1: ΥΛΙΚΟΥ ΔΙΟΙΚΗΣΗΣ Π.Υ. ΝΟΜΟΥ ΚΕΡΚΥΡΑΣ
A3: Αύξων αριθμός δικαιολογητικών | B3: 2026 | D3: Σελίδα 26 | K3: Υδροφόρο 500 Lt Isuzu (4Χ4) (ΠΣ 4685) | M3: Υδροφόρο 2.500 Lt Iveco-Magirus (4Χ4) | O3: Οχήματα τύποου VAN Mercedes Sprider | Q3: Πυροσβεστικό Όχημα IVECO TRAKKER 10.000 l | S3: Oχημα MAZDA (4X4 Diesel) | U3: Λεωφορείο TEMSA BG 1 27+1 Θέσεων | X3: IVECO ML-150E25 4000LT | Z3: Λεωφορείο Mercedes Sprinter 313 Cdi 8+1 Θεσεων | AB3: Υδροφόρο NISSAN ATLEON 4X2 1000LT | AD3: Υδροφόρο Mercedes LF/16-1222 AF | AF3: Πυροσβεστικό όχημα 1000lt (4x4) BREMACH (ΠΣ 4330) | AH3: CITROEN C15E (Ελαφρύ Βαν) | AJ3: ΟΧΗΜΑΤΑ ΤΥΠΟΥ VAN MERCEDES VITO 4X4 (ΓΕΝΙΚΑ) | AL3: ΠΥΡΟΣΒΕΣΤΙΚΑ ΟΧΗΜΑΤΑ ISUZU | AN3: Οχήματα Επιβατικά τύπου MAZDA | AP3: Οχήματα Σεισμών 4Χ4 Mercedes Atego
D5: ΛΕΠΤΟΜΕΡΕΙΕΣ
B7: Μήνας | C7: Ημέρα
D8: Αύξων αριθμός ονομαστικού | K8: 283 | M8: 284α | O8: 285α | Q8: 288 | S8: 290 | U8: 297 | X8: 303 | Z8: 314 | AB8: 316 | AD8: 317 | AF8: 327 | AH8: 347 | AJ8: 285β | AL8: 283α | AN8: 116 | AP8: 257
D10: Γ.΄Α.΄Α.΄
D12: ΟΧΗΜΑΤΑ ΕΝ ΓΕΝΕΙ | K12: Χ | L12: Π | M12: Χ | N12: Π | O12: Χ | P12: Π | Q12: Χ | R12: Π | S12: Χ | T12: Π | U12: Χ | V12: Π | X12: Χ | Y12: Π | Z12: Χ | AA12: Π | AB12: Χ | AC12: Π | AD12: Χ | AE12: Π | AF12: Χ | AG12: Π | AH12: Χ | AI12: Π | AJ12: Χ | AK12: Π | AL12: Χ | AM12: Π | AN12: Χ | AO12: Π | AP12: Χ | AQ12: Π
B13: Ιανουάριος | C13: 1 | D13: Υπόλοιπο από μεταφορά έτους 2023 | K13: 1 | L13: 0 | M13: 3 | N13: 0 | O13: 1 | P13: 0 | Q13: 1 | R13: 0 | S13: 1 | T13: 0 | U13: 1 | V13: 0 | X13: 3 | Y13: 0 | Z13: 2 | AA13: 0 | AB13: 3 | AC13: 0 | AD13: 1 | AE13: 0 | AF13: 1 | AG13: 0 | AH13: 1 | AI13: 0 | AJ13: 1 | AK13: 0 | AL13: 1 | AM13: 0 | AN13: 1 | AO13: 0 | AP13: 1 | AQ13: 0
A14: 1 | AJ14: 1
A15: 2
A16: 3
A17: 4

Sheet ΓΑΓ(28)
A1: ΒΙΒΛΙΟ | X1: ΥΛΙΚΟΥ ΔΙΟΙΚΗΣΗΣ Π.Υ. ΝΟΜΟΥ ΚΕΡΚΥΡΑΣ
A3: Αύξων αριθμός δικαιολογητικών | B3: 2026 | D3: Σελίδα 28 | K3: Εφεδρικός τροχός | M3: Μοχλοί γρύλου | O3: Καλύμματα
D5: ΛΕΠΤΟΜΕΡΕΙΕΣ
B7: Μήνας | C7: Ημέρα
D8: Αύξων αριθμός ονομαστικού | K8: 220 | M8: 246 | O8: 123
D10: Γ.΄Α.΄Γ.΄
D12: ΑΝΤΑΛΛΑΚΤΙΚΑ ΟΧΗΜΑΤΩΝ MAGIRUS DEUTZ | K12: Χ | L12: Π | M12: Χ | N12: Π | O12: Χ | P12: Π | Q12: Χ | R12: Π | S12: Χ | T12: Π | U12: Χ | V12: Π | X12: Χ | Y12: Π | Z12: Χ | AA12: Π | AB12: Χ | AC12: Π | AD12: Χ | AE12: Π | AF12: Χ | AG12: Π | AH12: Χ | AI12: Π | AJ12: Χ | AK12: Π | AL12: Χ | AM12: Π | AN12: Χ | AO12: Π | AP12: Χ | AQ12: Π
B13: Ιανουάριος | C13: 1 | D13: Υπόλοιπο από μεταφορά έτους 2023 | K13: 1 | L13: 0 | M13: 4 | N13: 0 | O13: 0 | P13: 0

Sheet ΓΑΖ(30)
A1: ΒΙΒΛΙΟ | X1: ΥΛΙΚΟΥ ΔΙΟΙΚΗΣΗΣ Π.Υ. ΝΟΜΟΥ ΚΕΡΚΥΡΑΣ
A3: Αύξων αριθμός δικαιολογητικών | B3: 2026 | D3: Σελίδα 30 | K3: Μοχλοί Σωληνωτοί χειροκίνητης ανόρθωσης κλιμακίων | M3: Φορητό τηλεχειριστήριο κλιμακοφόρου οχήματος | O3: Μανιβέλλα Χειροκίνητη Κλιμακοφόρου SCANIA | Q3: Κλειδιά Κλιμακοφόρου SCANIA
D5: ΛΕΠΤΟΜΕΡΕΙΕΣ
B7: Μήνας | C7: Ημέρα
D8: Αύξων αριθμός ονομαστικού | K8: 244 | M8: 245 | O8: 257 | Q8: 261
D10: Γ.΄Α.΄Ζ.΄
D12: ΑΝΤΑΛΛΑΚΤΙΚΑ ΥΔΡΑΥΛΙΚΩΝ ΚΛΙΜΑΚΩΝ | K12: Χ | L12: Π | M12: Χ | N12: Π | O12: Χ | P12: Π | Q12: Χ | R12: Π | S12: Χ | T12: Π | U12: Χ | V12: Π | X12: Χ | Y12: Π | Z12: Χ | AA12: Π | AB12: Χ | AC12: Π | AD12: Χ | AE12: Π | AF12: Χ | AG12: Π | AH12: Χ | AI12: Π | AJ12: Χ | AK12: Π | AL12: Χ | AM12: Π | AN12: Χ | AO12: Π | AP12: Χ | AQ12: Π
B13: Ιανουάριος | C13: 1 | D13: Υπόλοιπο από μεταφορά έτους 2023 | K13: 1 | L13: 0 | M13: 2 | N13: 0 | O13: 1 | P13: 0 | Q13: 9 | R13: 0

Sheet ΓΑΗ(32)
A1: ΒΙΒΛΙΟ | X1: ΥΛΙΚΟΥ ΔΙΟΙΚΗΣΗΣ Π.Υ. ΝΟΜΟΥ ΚΕΡΚΥΡΑΣ
A3: Αύξων αριθμός δικαιολογητικών | B3: 2026 | D3: Σελίδα 32 | K3: Αντιολισθητικές αλυσίδες σε ζεύγη | M3: Βιβλία οδηγιών χρήσης & συντήρησης οχημάτων | O3: Τάκοι ακινητοποίησης διάφοροι | Q3: Εφεδρικοί τροχοί οχημάτων | S3: Πλαστικές δεξαμενές | U3: Πλαστικές δεξαμενές | X3: Τάπα πλεύσης για το ερπιστρυοφόρο BV-206 | Z3: Σειρά εργαλείων και ανταλακτικών αντλίας BMW του ΠΣ 2454 | AB3: Ερπύστριες | AD3: Αντλίες Ύδατος Κινητήρων | AF3: Δακτύλιοι Ελαστικοί Διάφοροι | AH3: Ιμάντες Ανεμιστήρων-Βεντιλατέρ | AJ3: Κλειδαριές Οχημάτων Γενικά | AL3: Σιαγόνες Πέδησης Οχημάτων πλήρης σε ζεύγη | AN3: Φίλτρα Ελαίου Διαφόρων Οχημάτων | AP3: Φίλτρα Αέρος Διαφόρων Οχημάτων
D5: ΛΕΠΤΟΜΕΡΕΙΕΣ
B7: Μήνας | C7: Ημέρα
D8: Αύξων αριθμός ονομαστικού | K8: 11 | M8: 35 | O8: 197 | Q8: 220 | S8: 418 | U8: 418α | X8: 431 | Z8: 452 | AB8: 465 | AD8: 18 | AF8: 50 | AH8: 109 | AJ8: 127 | AL8: 189 | AN8: 230 | AP8: 233
D10: Γ.΄Α.΄Η.΄
D12: ΑΝΤΑΛΛΑΚΤΙΚΑ ΔΙΑΦΟΡΩΝ ΤΥΠΩΝ ΟΧΗΜΑΤΩΝ | K12: Χ | L12: Π | M12: Χ | N12: Π | O12: Χ | P12: Π | Q12: Χ | R12: Π | S12: Χ | T12: Π | U12: Χ | V12: Π | X12: Χ | Y12: Π | Z12: Χ | AA12: Π | AB12: Χ | AC12: Π | AD12: Χ | AE12: Π | AF12: Χ | AG12: Π | AH12: Χ | AI12: Π | AJ12: Χ | AK12: Π | AL12: Χ | AM12: Π | AN12: Χ | AO12: Π | AP12: Χ | AQ12: Π
B13: Ιανουάριος | C13: 1 | D13: Υπόλοιπο από μεταφορά έτους 2023 | K13: 59 | L13: 0 | M13: 105 | N13: 0 | O13: 66 | P13: 0 | Q13: 18 | R13: 0 | S13: 1 | T13: 0 | U13: 4 | V13: 0 | X13: 1 | Y13: 0 | Z13: 1 | AA13: 0 | AB13: 4 | AC13: 0 | AD13: 1 | AE13: 0 | AF13: 125 | AG13: 0 | AH13: 18 | AI13: 0 | AJ13: 1 | AK13: 0 | AL13: 2 | AM13: 0 | AN13: 34 | AO13: 0 | AP13: 28 | AQ13: 0
A14: 1 | B14: Φεβρουάριος | C14: 10 | D14: Εγγραφή με τ.α.α.1/2026 για αγορά αντ/κών από το εμπόριο (Απ.Ανάθ.592 Φ.511/10-02-2026) | AF14: 1
A15: 2 | B15: Φεβρουάριος | C15: 5 | D15: Εγγραφή με τ.α.α.2/2026 για αγορά αντ/κών από το εμπόριο (Απ.Ανάθ.523 Φ.511/05-02-2026)
A16: 3 | B16: Φεβρουάριος | C16: 5 | D16: Εγγραφή με τ.α.α.3/2026 για αγορά αντ/κών από το εμπόριο (Απ.Ανάθ.523 Φ.511/05-02-2026) | AF16: 1 | AH16: 1
A17: 4 | B17: Φεβρουάριος | C17: 5 | D17: Εγγραφή με τ.α.α.4/2026 για αγορά αντ/κών από το εμπόριο (Απ.Ανάθ.523 Φ.511/05-02-2026)
A18: 5 | B18: Φεβρουάριος | C18: 6 | D18: Εγγραφή με τ.α.α.6/2026 για αγορά αντ/κών από το εμπόριο (Απ.Ανάθ.523 Φ.511/05-02-2026)
A19: 6 | B19: Φεβρουάριος | C19: 11 | D19: Εγγραφή με τ.α.α.8/2026 για αγορά αντ/κών από το εμπόριο (Απ.Ανάθ.523 Φ.511/05-02-2026)
A20: 7 | B20: Μάρτιος | C20: 27 | D20: Εγγραφή με τ.α.α.9/2026 για αγορά αντ/κών από το εμπόριο (Απ.Ανάλ.Υποχρ.3365 /10-03-2026)
A21: 8 | B21: Φεβρουάριος | C21: 5 | D21: Εγγραφή με τ.α.α.10/2026 για αγορά αντ/κών από το εμπόριο (Απ.Ανάλ.Υποχρ.866/26-01-2026) | AF21: 8
A22: 9 | B22: Μάιος | C22: 5 | D22: Διαγραφή Π.Σ.1116 λόγω απόσυρσης(Δγη 26351 Φ.544.1 05-05-2026) | R22: 1
A23: 10 | B23: Μάιος | C23: 25 | D23: Εγγραφή με τ.α.α.16/2026 για αγορά αντ/κών από το εμπόριο (Απ.Ανάλ.Υποχρ.8409/15-05-2026)
A24: 11 | B24: Μάιος | C24: 26 | D24: Εγγραφή με τ.α.α.18/2026 για αγορά αντ/κών από το εμπόριο (Απ.Ανάλ.Υποχρ.8409/15-05-2026)
A25: 12 | B25: Μάιος | C25: 25 | D25: Εγγραφή με τ.α.α.19/2026 για αγορά αντ/κών από το εμπόριο (Απ.Ανάλ.Υποχρ.8409/15-05-2026) | AF25: 2
A26: 13 | B26: Ιούνιος | C26: 9 | D26: Εγγραφή με τ.α.α.22/2026 για αγορά αντ/κών από το εμπόριο (Απ.Ανάλ.Υποχρ.2303/19-09-2026)
A27: 14 | B27: Ιούνιος | C27: 10 | D27: Εγγραφή με τ.α.α.23/2026 για αγορά αντ/κών από το εμπόριο (Απ.Ανάλ.Υποχρ.8409/15-05-2026) | AN27: 2 | AP27: 2
A28: 15 | B28: Ιούνιος | C28: 10 | D28: Εγγραφή με τ.α.α.24/2026 για αγορά αντ/κών από το εμπόριο (Απ.Ανάλ.Υποχρ.8246/14-05-2026) | AN28: 9 | AP28: 12
A29: 16 | B29: Μάιος | C29: 15 | D29: Εγγραφή με τ.α.α.120 ΥΔΙΠΥΛ για Π.Σ. 5428 (Δγη 2208 Φ.544.1/15-01-2026) | K29: 1 | M29: 1 | O29: 2
A30: 17 | B30: Μάιος | C30: 20 | D30: Εγγραφή με τ.α.α. 984 ΥΔΙΠΥΛ για Π.Σ.5740 και Π.Σ.5741 (Δγη11526/26-06-2026) | K30: 2 | M30: 2 | Q30: 2
A31: 18 | B31: Μάιος | C31: 22 | D31: Εγγραφή με τ.α.α.1655 ΥΔΙΠΥΛ για Π.Σ.5479 (Δγη 12424 Φ.544.1/02-03-2026) | K31: 1 | M31: 1 | O31: 2 | Q31: 1
A32: 19 | B32: Ιούνιος | C32: 19 | D32: Εγγραφή με τ.α.α.26/2026 για αγορά αντ/κών από το εμπόριο (Απ.Ανάλ.Υποχρ.2919/03-03-2026) | AD32: 1 | AF32: 3 | AL32: 1 | AN32: 3 | AP32: 1
A33: 20 | B33: Ιούλιος | C33: 30 | D33: Εγγραφή με τ.α.α.34/2026 για αγορά αντ/κών από το εμπόριο (Απ.Ανάλ.Υποχρ.13759/21-07-2026)
A34: 21 | B34: Ιούλιος | C34: 30 | D34: Εγγραφή με τ.α.α.35/2026 για αγορά αντ/κών από το εμπόριο (Απ.Ανάλ.Υποχρ.13759/21-07-2026)
A35: 22 | B35: Ιούλιος | C35: 30 | D35: Εγγραφή με τ.α.α.37/2026 για αγορά αντ/κών από το εμπόριο (Απ.Ανάλ.Υποχρ.13898/23-07-2026)
A36: 23 | B36: Ιούλιος | C36: 30 | D36: Εγγραφή με τ.α.α.38/2026 για αγορά αντ/κών από το εμπόριο (Απ.Ανάλ.Υποχρ.13898/23-07-2026)
A37: 24 | B37: Ιούλιος | C37: 30 | D37: Εγγραφή με τ.α.α.39/2026 για αγορά αντ/κών από το εμπόριο (Απ.Ανάλ.Υποχρ.13898/23-07-2026)
A38: 25 | B38: Αύγουστος | C38: 3 | D38: Εγγραφή με τ.α.α.42/2026 για αγορά αντ/κών από το εμπόριο (Απ.Ανάλ.Υποχρ.13759/21-07-2026) | AF38: 8
A39: 26 | B39: Αύγουστος | C39: 4 | D39: Εγγραφή με τ.α.α.43/2026 για αγορά αντ/κών από το εμπόριο (Απ.Ανάλ.Υποχρ.13759/21-07-2026) | AH39: 1 | AN39: 2

Sheet ΓΑΗ(34)
A1: ΒΙΒΛΙΟ | X1: ΥΛΙΚΟΥ ΔΙΟΙΚΗΣΗΣ Π.Υ. ΝΟΜΟΥ ΚΕΡΚΥΡΑΣ
A3: Αύξων αριθμός δικαιολογητικών | B3: 2026 | D3: Σελίδα 34 | K3: Δισκόφρενα | M3: Τακάκια Φρένων τροχών | O3: Φίλτρο Πετρελαίου | Q3: Βεντιλατέρ | S3: Χειρολαβές Θυρών Οχημάτων | U3: Ελαστικές Φούσκες-Φυσούνες | X3: Φίλτρα Αεροσυμπιεστή Πλήρωσης ΑΣ Ξήρανσης | Z3: Ατέρμονες Συστήματος Διεύθυνσης | AB3: Βαλβίδες Ελαίου | AD3: Αντλίες Διάφορες Καυσίμων Κινητήρων | AF3: Περικόχλια Τροχών Οχημάτων | AH3: Δοχεία Υγρών Αντλίας Φρένων Διάφορα | AJ3: Διακόπτες Διάφοροι Κινητήρων | AL3: Ανταλλακτικά Διάφορα Κιβωτίου Ταχυτήτων | AN3: Βολάν-Στεφάνες Συστήματος Διευθύνσεως | AP3: Μηχανισμοί Αυτόματοι Ανοίγματος Θυρών Κύστεων
D5: ΛΕΠΤΟΜΕΡΕΙΕΣ
B7: Μήνας | C7: Ημέρα
D8: Αύξων αριθμός ονομαστικού | K8: 261 | M8: 350 | O8: 374 | Q8: 7 | S8: 243α | U8: 67 | X8: 356 | Z8: 30 | AB8: 31 | AD8: 16 | AF8: 108α | AH8: 52 | AJ8: 55 | AL8: 299 | AN8: 43 | AP8: 421
D10: Γ.΄Α.΄Η.΄
D12: ΑΝΤΑΛΛΑΚΤΙΚΑ ΔΙΑΦΟΡΩΝ ΤΥΠΩΝ ΟΧΗΜΑΤΩΝ | K12: Χ | L12: Π | M12: Χ | N12: Π | O12: Χ | P12: Π | Q12: Χ | R12: Π | S12: Χ | T12: Π | U12: Χ | V12: Π | X12: Χ | Y12: Π | Z12: Χ | AA12: Π | AB12: Χ | AC12: Π | AD12: Χ | AE12: Π | AF12: Χ | AG12: Π | AH12: Χ | AI12: Π | AJ12: Χ | AK12: Π | AL12: Χ | AM12: Π | AN12: Χ | AO12: Π | AP12: Χ | AQ12: Π
B13: Ιανουάριος | C13: 1 | D13: Υπόλοιπο από μεταφορά έτους 2023 | K13: 6 | L13: 0 | M13: 14 | N13: 0 | O13: 39 | P13: 0 | Q13: 7 | R13: 0 | S13: 3 | T13: 0 | U13: 12 | V13: 0 | X13: 4 | Y13: 0 | Z13: 3 | AA13: 0 | AB13: 10 | AC13: 0 | AD13: 1 | AE13: 0 | AF13: 13 | AG13: 0 | AH13: 2 | AI13: 0 | AJ13: 7 | AK13: 0 | AL13: 3 | AM13: 0 | AN13: 3 | AO13: 0 | AP13: 14 | AQ13: 0
A14: 1 | U14: 8
A15: 2 | Z15: 1 | AB15: 2
A16: 3
A17: 4 | AD17: 1
A18: 5 | S18: 2 | AN18: 1 | AP18: 3
A19: 6 | U19: 1 | AD19: 1 | AF19: 1
A20: 7
A21: 8 | M21: 2 | O21: 1 | S21: 1 | U21: 4 | AB21: 1
A22: 9
A23: 10 | U23: 1
A24: 11
A25: 12
A26: 13 | AL26: 46
A27: 14 | O27: 2 | U27: 2 | AJ27: 1
A28: 15 | O28: 14 | U28: 2
A29: 16
A30: 17
A31: 18 | O31: 3 | X31: 2 | AB31: 8 | AD31: 1 | AH31: 1 | AN31: 5
A32: 19
A33: 20
A34: 21
A35: 22 | O35: 1
A36: 23
A37: 24
A38: 25
A39: 26 | AF39: 2

Sheet ΓΑΗ(36)
A1: ΒΙΒΛΙΟ | X1: ΥΛΙΚΟΥ ΔΙΟΙΚΗΣΗΣ Π.Υ. ΝΟΜΟΥ ΚΕΡΚΥΡΑΣ
A3: Αύξων αριθμός δικαιολογητικών | B3: 2026 | D3: Σελίδα 36 | K3: Εκκινητήρες - Μίζες | M3: Ανταλλακτικά Αντλίας Ύδατος σε σετ | O3: Γρύλοι Ανύψωσης Υαλοπινάκων Οχημάτων | Q3: Αμορτισέρ Κύστεων Οχημάτων | S3: Τύμπανα Πέδης Εμπρόσθιων Τροχών | U3: Εξαρτήματα Φρένων Σετ | X3: Σύρματα - Ντίζες Μικρές Διαφόρων Οχημάτων | Z3: Διακοσμητικά Καπώ Διάφορα | AB3: Πώματα Ρεζερβουάρ | AD3: Τσιμούχες μετα Ρουλεμάν σε σετ Γενικά | AF3: Ζυγαριές Οχημάτων (Ανταλλακτικά Εμπρόσθιου Συστήματος) | AH3: Ελατήρια Σουστών | AJ3: Μπάρες Τιμονιού σετ | AL3: Ρουλεμάν | AN3: Αμορτισέρ Τροχών | AP3: Αμορτισέρ Κύστεων οχημάτων
D5: ΛΕΠΤΟΜΕΡΕΙΕΣ
B7: Μήνας | C7: Ημέρα
D8: Αύξων αριθμός ονομαστικού | K8: 79 | M8: 27 | O8: 45 | Q8: 237 | S8: 225 | U8: 63 | X8: 178 | Z8: 47 | AB8: 293 | AD8: 360 | AF8: 396 | AH8: 60 | AJ8: 352 | AL8: 199 | AN8: 13 | AP8: 13α
D10: Γ.΄Α.΄Η.΄
D12: ΑΝΤΑΛΛΑΚΤΙΚΑ ΔΙΑΦΟΡΩΝ ΤΥΠΩΝ ΟΧΗΜΑΤΩΝ | K12: Χ | L12: Π | M12: Χ | N12: Π | O12: Χ | P12: Π | Q12: Χ | R12: Π | S12: Χ | T12: Π | U12: Χ | V12: Π | X12: Χ | Y12: Π | Z12: Χ | AA12: Π | AB12: Χ | AC12: Π | AD12: Χ | AE12: Π | AF12: Χ | AG12: Π | AH12: Χ | AI12: Π | AJ12: Χ | AK12: Π | AL12: Χ | AM12: Π | AN12: Χ | AO12: Π | AP12: Χ | AQ12: Π
D13: Υπόλοιπο από μεταφορά έτους 2023 | K13: 3 | L13: 0 | M13: 7 | N13: 0 | O13: 3 | P13: 0 | Q13: 4 | R13: 0 | S13: 2 | T13: 0 | U13: 20 | V13: 0 | X13: 2 | Y13: 0 | Z13: 2 | AA13: 0 | AB13: 2 | AC13: 0 | AD13: 1 | AE13: 0 | AF13: 3 | AG13: 0 | AH13: 8 | AI13: 0 | AJ13: 5 | AK13: 0 | AL13: 13 | AM13: 0 | AN13: 5 | AO13: 0 | AP13: 6 | AQ13: 0
A14: 1 | X14: 6
A15: 2 | Z15: 1
A16: 3
A17: 4
A18: 5 | O18: 4 | Z18: 1
A19: 6
A20: 7 | AF20: 1
A21: 8 | Z21: 5
A22: 9
A23: 10
A24: 11 | M24: 9
A25: 12 | X25: 1 | Z25: 2
A26: 13 | X26: 1 | AL26: 6
A27: 14 | AN27: 4
A28: 15
A29: 16
A30: 17
A31: 18 | M31: 2 | Q31: 1 | Z31: 3 | AJ31: 8 | AL31: 2
A32: 19
A33: 20 | X33: 1 | Z33: 1
A34: 21 | O34: 2
A35: 22
A36: 23 | M36: 1 | Z36: 1
A37: 24 | O37: 3
A38: 25
A39: 26

Sheet ΓΑΗ(38)
A1: ΒΙΒΛΙΟ | X1: ΥΛΙΚΟΥ ΔΙΟΙΚΗΣΗΣ Π.Υ. ΝΟΜΟΥ ΚΕΡΚΥΡΑΣ
A3: Αύξων αριθμός δικαιολογητικών | B3: 2026 | D3: Σελίδα 38 | K3: Διακόπτες Φωτισμού | M3: Βάσεις Πλαστικές Τιμονιού | O3: Βάσεις Σαζμάν | Q3: Βάσεις Μηχανών Οχημάτων εν γένει | S3: Ρυθμιστές Διάφοροι - Ρεγουλατόροι | U3: Σωλήνες Υψηλής πίεσης διαφόρων οχημάτων | X3: Συμπλέκτες πλήρεις οχημάτων | Z3: Δείκτες Ελαίου κινητήρων | AB3: Τούρμπο κινητήρα σε σετ | AD3: Φτερωτές | AF3: Υαλοπίνακες Θυρών Οχημάτων | AH3: Σωλήνες Εξάτμισης Διάφοροι | AJ3: Φωλιές Συνεμπλόκ | AL3: Διακόπτες Ηλεκτρομαγνητικοί Συσσωρευτών | AN3: Σειρές Καθισμάτων-Ανταλλακτικά | AP3: Ταπετσαρίες Οχημάτων
D5: ΛΕΠΤΟΜΕΡΕΙΕΣ
B7: Μήνας | C7: Ημέρα
D8: Αύξων αριθμός ονομαστικού | K8: 455 | M8: 458 | O8: 39 | Q8: 40 | S8: 173α | U8: 188 | X8: 194 | Z8: 319 | AB8: 411 | AD8: 27β | AF8: 229 | AH8: 195 | AJ8: 28γ | AL8: 54 | AN8: 186 | AP8: 89
D10: Γ.΄Α.΄Η.΄
D12: ΑΝΤΑΛΛΑΚΤΙΚΑ ΔΙΑΦΟΡΩΝ ΤΥΠΩΝ ΟΧΗΜΑΤΩΝ | K12: Χ | L12: Π | M12: Χ | N12: Π | O12: Χ | P12: Π | Q12: Χ | R12: Π | S12: Χ | T12: Π | U12: Χ | V12: Π | X12: Χ | Y12: Π | Z12: Χ | AA12: Π | AB12: Χ | AC12: Π | AD12: Χ | AE12: Π | AF12: Χ | AG12: Π | AH12: Χ | AI12: Π | AJ12: Χ | AK12: Π | AL12: Χ | AM12: Π | AN12: Χ | AO12: Π | AP12: Χ | AQ12: Π
D13: Υπόλοιπο από μεταφορά έτους 2023 | K13: 2 | L13: 0 | M13: 11 | N13: 0 | O13: 4 | P13: 0 | Q13: 8 | R13: 0 | S13: 4 | T13: 0 | U13: 11 | V13: 0 | X13: 3 | Y13: 0 | Z13: 2 | AA13: 0 | AB13: 2 | AC13: 0 | AD13: 6 | AE13: 0 | AF13: 1 | AG13: 0 | AH13: 0 | AI13: 0 | AJ13: 0 | AK13: 0 | AL13: 0 | AM13: 0 | AN13: 0 | AO13: 0 | AP13: 0 | AQ13: 0
A14: 1 | Q14: 1 | X14: 1 | AB14: 1
A15: 2
A16: 3
A17: 4
A18: 5 | AF18: 2 | AP18: 3
A19: 6
A20: 7
A21: 8 | X21: 1
A22: 9
A23: 10 | K23: 1
A24: 11
A25: 12
A26: 13
A27: 14
A28: 15 | U28: 3 | AL28: 7
A29: 16
A30: 17
A31: 18 | U31: 2 | AJ31: 8
A32: 19
A33: 20 | Z33: 4
A34: 21
A35: 22 | U35: 1
A36: 23
A37: 24
A38: 25
A39: 26 | S39: 1 | U39: 1

Sheet ΓΑΗ(40)
A1: ΒΙΒΛΙΟ | X1: ΥΛΙΚΟΥ ΔΙΟΙΚΗΣΗΣ Π.Υ. ΝΟΜΟΥ ΚΕΡΚΥΡΑΣ
A3: Αύξων αριθμός δικαιολογητικών | B3: 2026 | D3: Σελίδα 40 | K3: Αερόσακοι Οχημάτων | M3: Φίλτρο Βρενζίνης | O3: Ακουστικά Μηχανών
D5: ΛΕΠΤΟΜΕΡΕΙΕΣ
B7: Μήνας | C7: Ημέρα
D8: Αύξων αριθμός ονομαστικού | K8: 460 | M8: 232 | O8: 404
D10: Γ.΄Α.΄Η.΄
D12: ΑΝΤΑΛΛΑΚΤΙΚΑ ΔΙΑΦΟΡΩΝ ΤΥΠΩΝ ΟΧΗΜΑΤΩΝ | K12: Χ | L12: Π | M12: Χ | N12: Π | O12: Χ | P12: Π | Q12: Χ | R12: Π | S12: Χ | T12: Π | U12: Χ | V12: Π | X12: Χ | Y12: Π | Z12: Χ | AA12: Π | AB12: Χ | AC12: Π | AD12: Χ | AE12: Π | AF12: Χ | AG12: Π | AH12: Χ | AI12: Π | AJ12: Χ | AK12: Π | AL12: Χ | AM12: Π | AN12: Χ | AO12: Π | AP12: Χ | AQ12: Π
D13: Υπόλοιπο από μεταφορά έτους 2023 | K13: 0 | L13: 0 | M13: 0 | N13: 0 | O13: 0 | P13: 0
A14: 1
A15: 2
A16: 3
A17: 4
A18: 5
A19: 6
A20: 7
A21: 8
A22: 9
A23: 10
A24: 11
A25: 12
... A27: 14
A28: 15 | M28: 3
A29: 16
A30: 17
A31: 18
A32: 19
A33: 20
A34: 21
A35: 22
A36: 23
A37: 24
A38: 25
A39: 26

Sheet ΓΑΗ(42)
A1: ΒΙΒΛΙΟ | X1: ΥΛΙΚΟΥ ΔΙΟΙΚΗΣΗΣ Π.Υ. ΝΟΜΟΥ ΚΕΡΚΥΡΑΣ
A3: Αύξων αριθμός δικαιολογητικών | B3: 2026 | D3: Σελίδα 42 | K3: Αντιολισθητικές αλυσίδες σε ζεύγη | M3: Βιβλία οδηγιών χρήσης & συντήρησης οχημάτων | O3: Τάκοι ακινητοποίησης διάφοροι | Q3: Εφεδρικοί τροχοί οχημάτων | S3: Πλαστικές δεξαμενές | U3: Πλαστικές δεξαμενές | X3: Τάπα πλεύσης για το ερπιστρυοφόρο BV-206 | Z3: Σειρά εργαλείων και ανταλακτικών αντλίας BMW του ΠΣ 2454 | AB3: Ερπύστριες | AD3: Αντλίες Ύδατος Κινητήρων | AF3: Δακτύλιοι Ελαστικοί Διάφοροι | AH3: Ιμάντες Ανεμιστήρων-Βεντιλατέρ | AJ3: Κλειδαριές Οχημάτων Γενικά | AL3: Σιαγόνες Πέδησης Οχημάτων πλήρης σε ζεύγη | AN3: Φίλτρα Ελαίου Διαφόρων Οχημάτων | AP3: Φίλτρα Αέρος Διαφόρων Οχημάτων
D5: ΛΕΠΤΟΜΕΡΕΙΕΣ
B7: Μήνας | C7: Ημέρα
D8: Αύξων αριθμός ονομαστικού | K8: 11 | M8: 35 | O8: 197 | Q8: 220 | S8: 418 | U8: 418α | X8: 431 | Z8: 452 | AB8: 465 | AD8: 18 | AF8: 50 | AH8: 109 | AJ8: 127 | AL8: 189 | AN8: 230 | AP8: 233
D10: Γ.΄Α.΄Η.΄
D12: ΑΝΤΑΛΛΑΚΤΙΚΑ ΔΙΑΦΟΡΩΝ ΤΥΠΩΝ ΟΧΗΜΑΤΩΝ | K12: Χ | L12: Π | M12: Χ | N12: Π | O12: Χ | P12: Π | Q12: Χ | R12: Π | S12: Χ | T12: Π | U12: Χ | V12: Π | X12: Χ | Y12: Π | Z12: Χ | AA12: Π | AB12: Χ | AC12: Π | AD12: Χ | AE12: Π | AF12: Χ | AG12: Π | AH12: Χ | AI12: Π | AJ12: Χ | AK12: Π | AL12: Χ | AM12: Π | AN12: Χ | AO12: Π | AP12: Χ | AQ12: Π
D13: Υπόλοιπο από μεταφορά έτους 2023 | K13: ='ΓΑΗ(32)'!K54 -> 0 | L13: ='ΓΑΗ(32)'!L54 -> 0 | M13: ='ΓΑΗ(32)'!M54 -> 0 | N13: ='ΓΑΗ(32)'!N54 -> 0 | O13: ='ΓΑΗ(32)'!O54 -> 0 | P13: ='ΓΑΗ(32)'!P54 -> 0 | Q13: ='ΓΑΗ(32)'!Q54 -> 0 | R13: ='ΓΑΗ(32)'!R54 -> 0 | ... V13: ='ΓΑΗ(32)'!V54 -> 0 | X13: ='ΓΑΗ(32)'!X54 -> 0 | Y13: ='ΓΑΗ(32)'!Y54 -> 0 | Z13: ='ΓΑΗ(32)'!Z54 -> 0 | AA13: ='ΓΑΗ(32)'!AA54 -> 0 | AB13: ='ΓΑΗ(32)'!AB54 -> 0 | AC13: ='ΓΑΗ(32)'!AC54 -> 0 | AD13: ='ΓΑΗ(32)'!AD54 -> 0 | AE13: ='ΓΑΗ(32)'!AE54 -> 0 | ... AQ13: ='ΓΑΗ(32)'!AQ54 -> 0

Sheet ΓΑΗ(44)
A1: ΒΙΒΛΙΟ | X1: ΥΛΙΚΟΥ ΔΙΟΙΚΗΣΗΣ Π.Υ. ΝΟΜΟΥ ΚΕΡΚΥΡΑΣ
A3: Αύξων αριθμός δικαιολογητικών | B3: 2026 | D3: Σελίδα 44 | K3: Δισκόφρενα | M3: Τακάκια Φρένων τροχών | O3: Φίλτρο Πετρελαίου | Q3: Βεντιλατέρ | S3: Χειρολαβές Θυρών Οχημάτων | U3: Ελαστικές Φούσκες-Φυσούνες | X3: Φίλτρα Αεροσυμπιεστή Πλήρωσης ΑΣ Ξήρανσης | Z3: Ατέρμονες Συστήματος Διεύθυνσης | AB3: Βαλβίδες Ελαίου | AD3: Αντλίες Διάφορες Καυσίμων Κινητήρων | AF3: Περικόχλια Τροχών Οχημάτων | AH3: Δοχεία Υγρών Αντλίας Φρένων Διάφορα | AJ3: Διακόπτες Διάφοροι Κινητήρων | AL3: Ανταλλακτικά Διάφορα Κιβωτίου Ταχυτήτων | AN3: Βολάν-Στεφάνες Συστήματος Διευθύνσεως | AP3: Μηχανισμοί Αυτόματοι Ανοίγματος Θυρών Κύστεων
D5: ΛΕΠΤΟΜΕΡΕΙΕΣ
B7: Μήνας | C7: Ημέρα
D8: Αύξων αριθμός ονομαστικού | K8: 261 | M8: 350 | O8: 374 | Q8: 7 | S8: 243α | U8: 67 | X8: 356 | Z8: 30 | AB8: 31 | AD8: 16 | AF8: 108α | AH8: 52 | AJ8: 55 | AL8: 299 | AN8: 43 | AP8: 421
D10: Γ.΄Α.΄Η.΄
D12: ΑΝΤΑΛΛΑΚΤΙΚΑ ΔΙΑΦΟΡΩΝ ΤΥΠΩΝ ΟΧΗΜΑΤΩΝ | K12: Χ | L12: Π | M12: Χ | N12: Π | O12: Χ | P12: Π | Q12: Χ | R12: Π | S12: Χ | T12: Π | U12: Χ | V12: Π | X12: Χ | Y12: Π | Z12: Χ | AA12: Π | AB12: Χ | AC12: Π | AD12: Χ | AE12: Π | AF12: Χ | AG12: Π | AH12: Χ | AI12: Π | AJ12: Χ | AK12: Π | AL12: Χ | AM12: Π | AN12: Χ | AO12: Π | AP12: Χ | AQ12: Π
D13: Υπόλοιπο από μεταφορά έτους 2023 | K13: ='ΓΑΗ(34)'!K54 -> 0 | L13: ='ΓΑΗ(34)'!L54 -> 0 | M13: ='ΓΑΗ(34)'!M54 -> 0 | N13: ='ΓΑΗ(34)'!N54 -> 0 | O13: ='ΓΑΗ(34)'!O54 -> 0 | P13: ='ΓΑΗ(34)'!P54 -> 0 | Q13: ='ΓΑΗ(34)'!Q54 -> 0 | R13: ='ΓΑΗ(34)'!R54 -> 0 | ... V13: ='ΓΑΗ(34)'!V54 -> 0 | X13: ='ΓΑΗ(34)'!X54 -> 0 | Y13: ='ΓΑΗ(34)'!Y54 -> 0 | Z13: ='ΓΑΗ(34)'!Z54 -> 0 | AA13: ='ΓΑΗ(34)'!AA54 -> 0 | AB13: ='ΓΑΗ(34)'!AB54 -> 0 | AC13: ='ΓΑΗ(34)'!AC54 -> 0 | AD13: ='ΓΑΗ(34)'!AD54 -> 0 | AE13: ='ΓΑΗ(34)'!AE54 -> 0 | ... AQ13: ='ΓΑΗ(34)'!AQ54 -> 0

Sheet ΓΑΗ(46)
A1: ΒΙΒΛΙΟ | X1: ΥΛΙΚΟΥ ΔΙΟΙΚΗΣΗΣ Π.Υ. ΝΟΜΟΥ ΚΕΡΚΥΡΑΣ
A3: Αύξων αριθμός δικαιολογητικών | B3: 2026 | D3: Σελίδα 46 | K3: Εκκινητήρες - Μίζες | M3: Ανταλλακτικά Αντλίας Ύδατος σε σετ | O3: Γρύλοι Ανύψωσης Υαλοπινάκων Οχημάτων | Q3: Αμορτισέρ Κύστεων Οχημάτων | S3: Τύμπανα Πέδης Εμπρόσθιων Τροχών | U3: Εξαρτήματα Φρένων Σετ | X3: Σύρματα - Ντίζες Μικρές Διαφόρων Οχημάτων | Z3: Διακοσμητικά Καπώ Διάφορα | AB3: Πώματα Ρεζερβουάρ | AD3: Τσιμούχες μετα Ρουλεμάν σε σετ Γενικά | AF3: Ζυγαριές Οχημάτων (Ανταλλακτικά Εμπρόσθιου Συστήματος) | AH3: Ελατήρια Σουστών | AJ3: Μπάρες Τιμονιού σετ | AL3: Ρουλεμάν | AN3: Αμορτισέρ Τροχών | AP3: Αμορτισέρ Κύστεων οχημάτων
D5: ΛΕΠΤΟΜΕΡΕΙΕΣ
B7: Μήνας | C7: Ημέρα
D8: Αύξων αριθμός ονομαστικού | K8: 79 | M8: 27 | O8: 45 | Q8: 237 | S8: 225 | U8: 63 | X8: 178 | Z8: 47 | AB8: 293 | AD8: 360 | AF8: 396 | AH8: 60 | AJ8: 352 | AL8: 199 | AN8: 13 | AP8: 13α
D10: Γ.΄Α.΄Η.΄
D12: ΑΝΤΑΛΛΑΚΤΙΚΑ ΔΙΑΦΟΡΩΝ ΤΥΠΩΝ ΟΧΗΜΑΤΩΝ | K12: Χ | L12: Π | M12: Χ | N12: Π | O12: Χ | P12: Π | Q12: Χ | R12: Π | S12: Χ | T12: Π | U12: Χ | V12: Π | X12: Χ | Y12: Π | Z12: Χ | AA12: Π | AB12: Χ | AC12: Π | AD12: Χ | AE12: Π | AF12: Χ | AG12: Π | AH12: Χ | AI12: Π | AJ12: Χ | AK12: Π | AL12: Χ | AM12: Π | AN12: Χ | AO12: Π | AP12: Χ | AQ12: Π
D13: Υπόλοιπο από μεταφορά έτους 2023 | K13: ='ΓΑΗ(36)'!K54 -> 0 | L13: ='ΓΑΗ(36)'!L54 -> 0 | M13: ='ΓΑΗ(36)'!M54 -> 0 | N13: ='ΓΑΗ(36)'!N54 -> 0 | O13: ='ΓΑΗ(36)'!O54 -> 0 | P13: ='ΓΑΗ(36)'!P54 -> 0 | Q13: ='ΓΑΗ(36)'!Q54 -> 0 | R13: ='ΓΑΗ(36)'!R54 -> 0 | ... V13: ='ΓΑΗ(36)'!V54 -> 0 | X13: ='ΓΑΗ(36)'!X54 -> 0 | Y13: ='ΓΑΗ(36)'!Y54 -> 0 | Z13: ='ΓΑΗ(36)'!Z54 -> 0 | AA13: ='ΓΑΗ(36)'!AA54 -> 0 | AB13: ='ΓΑΗ(36)'!AB54 -> 0 | AC13: ='ΓΑΗ(36)'!AC54 -> 0 | AD13: ='ΓΑΗ(36)'!AD54 -> 0 | AE13: ='ΓΑΗ(36)'!AE54 -> 0 | ... AQ13: ='ΓΑΗ(36)'!AQ54 -> 0

Sheet ΓΑΗ(48)
A1: ΒΙΒΛΙΟ | X1: ΥΛΙΚΟΥ ΔΙΟΙΚΗΣΗΣ Π.Υ. ΝΟΜΟΥ ΚΕΡΚΥΡΑΣ
A3: Αύξων αριθμός δικαιολογητικών | B3: 2026 | D3: Σελίδα 48 | K3: Διακόπτες Φωτισμού | M3: Βάσεις Πλαστικές Τιμονιού | O3: Βάσεις Σαζμάν | Q3: Βάσεις Μηχανών Οχημάτων εν γένει | S3: Ρυθμιστές Διάφοροι - Ρεγουλατόροι | U3: Σωλήνες Υψηλής πίεσης διαφόρων οχημάτων | X3: Συμπλέκτες πλήρεις οχημάτων | Z3: Δείκτες Ελαίου κινητήρων | AB3: Τούρμπο κινητήρα σε σετ | AD3: Φτερωτές | AF3: Υαλοπίνακες Θυρών Οχημάτων | AH3: Σωλήνες Εξάτμισης Διάφοροι | AJ3: Φωλιές Συνεμπλόκ | AL3: Διακόπτες Ηλεκτρομαγνητικοί Συσσωρευτών | AN3: Σειρές Καθισμάτων-Ανταλλακτικά | AP3: Ταπετσαρίες Οχημάτων
D5: ΛΕΠΤΟΜΕΡΕΙΕΣ
B7: Μήνας | C7: Ημέρα
D8: Αύξων αριθμός ονομαστικού | K8: 455 | M8: 458 | O8: 39 | Q8: 40 | S8: 173α | U8: 188 | X8: 194 | Z8: 319 | AB8: 411 | AD8: 27β | AF8: 229 | AH8: 195 | AJ8: 28γ | AL8: 54 | AN8: 186 | AP8: 89
D10: Γ.΄Α.΄Η.΄
D12: ΑΝΤΑΛΛΑΚΤΙΚΑ ΔΙΑΦΟΡΩΝ ΤΥΠΩΝ ΟΧΗΜΑΤΩΝ | K12: Χ | L12: Π | M12: Χ | N12: Π | O12: Χ | P12: Π | Q12: Χ | R12: Π | S12: Χ | T12: Π | U12: Χ | V12: Π | X12: Χ | Y12: Π | Z12: Χ | AA12: Π | AB12: Χ | AC12: Π | AD12: Χ | AE12: Π | AF12: Χ | AG12: Π | AH12: Χ | AI12: Π | AJ12: Χ | AK12: Π | AL12: Χ | AM12: Π | AN12: Χ | AO12: Π | AP12: Χ | AQ12: Π
D13: Υπόλοιπο από μεταφορά έτους 2023 | K13: ='ΓΑΗ(38)'!K54 -> 0 | L13: ='ΓΑΗ(38)'!L54 -> 0 | M13: ='ΓΑΗ(38)'!M54 -> 0 | N13: ='ΓΑΗ(38)'!N54 -> 0 | O13: ='ΓΑΗ(38)'!O54 -> 0 | P13: ='ΓΑΗ(38)'!P54 -> 0 | Q13: ='ΓΑΗ(38)'!Q54 -> 0 | R13: ='ΓΑΗ(38)'!R54 -> 0 | ... V13: ='ΓΑΗ(38)'!V54 -> 0 | X13: ='ΓΑΗ(38)'!X54 -> 0 | Y13: ='ΓΑΗ(38)'!Y54 -> 0 | Z13: ='ΓΑΗ(38)'!Z54 -> 0 | AA13: ='ΓΑΗ(38)'!AA54 -> 0 | AB13: ='ΓΑΗ(38)'!AB54 -> 0 | AC13: ='ΓΑΗ(38)'!AC54 -> 0 | AD13: ='ΓΑΗ(38)'!AD54 -> 0 | AE13: ='ΓΑΗ(38)'!AE54 -> 0 | ... AQ13: ='ΓΑΗ(38)'!AQ54 -> 0

Sheet ΓΑΗ(50)
A1: ΒΙΒΛΙΟ | X1: ΥΛΙΚΟΥ ΔΙΟΙΚΗΣΗΣ Π.Υ. ΝΟΜΟΥ ΚΕΡΚΥΡΑΣ
A3: Αύξων αριθμός δικαιολογητικών | B3: 2026 | D3: Σελίδα 50 | K3: Αερόσακοι Οχημάτων | M3: Φίλτρο Βρενζίνης | O3: Ακουστικά Μηχανών
D5: ΛΕΠΤΟΜΕΡΕΙΕΣ
B7: Μήνας | C7: Ημέρα
D8: Αύξων αριθμός ονομαστικού | K8: 460 | M8: 232 | O8: 404
D10: Γ.΄Α.΄Η.΄
D12: ΑΝΤΑΛΛΑΚΤΙΚΑ ΔΙΑΦΟΡΩΝ ΤΥΠΩΝ ΟΧΗΜΑΤΩΝ | K12: Χ | L12: Π | M12: Χ | N12: Π | O12: Χ | P12: Π | Q12: Χ | R12: Π | S12: Χ | T12: Π | U12: Χ | V12: Π | X12: Χ | Y12: Π | Z12: Χ | AA12: Π | AB12: Χ | AC12: Π | AD12: Χ | AE12: Π | AF12: Χ | AG12: Π | AH12: Χ | AI12: Π | AJ12: Χ | AK12: Π | AL12: Χ | AM12: Π | AN12: Χ | AO12: Π | AP12: Χ | AQ12: Π
D13: Υπόλοιπο από μεταφορά έτους 2023 | K13: ='ΓΑΗ(40)'!K54 -> 0 | L13: ='ΓΑΗ(40)'!L54 -> 0 | M13: ='ΓΑΗ(40)'!M54 -> 0 | N13: ='ΓΑΗ(40)'!N54 -> 0 | O13: 0 | P13: 0

Sheet ΓΑΘ(52)
A1: ΒΙΒΛΙΟ | X1: ΥΛΙΚΟΥ ΔΙΟΙΚΗΣΗΣ Π.Υ. ΝΟΜΟΥ ΚΕΡΚΥΡΑΣ
A3: Αύξων αριθμός δικαιολογητικών | B3: 2026 | D3: Σελίδα 52 | K3: Βαλβολινιέρα | M3: Λαδικό | O3: Πρέσσες λίπανσης (γρασσαδόρος) αεροκινουμενες | Q3: Γρασαδόροι χειρός | S3: Χειραντλία αναρρόφησης ελαίου κινητήρων | U3: Λιπαντήρες Τροχήλατου Αεροσυμπιεστού
D5: ΛΕΠΤΟΜΕΡΕΙΕΣ
B7: Μήνας | C7: Ημέρα
D8: Αύξων αριθμός ονομαστικού | K8: 1α | M8: 4 | O8: 10 | Q8: 18 | S8: 20 | U8: 19
D10: Γ.΄Α.΄Θ.΄
D12: ΕΡΓΑΛΕΙΑ ΟΧΗΜΑΤΩΝ ΕΝ ΓΕΝΕΙ | K12: Χ | L12: Π | M12: Χ | N12: Π | O12: Χ | P12: Π | Q12: Χ | R12: Π | S12: Χ | T12: Π | U12: Χ | V12: Π | X12: Χ | Y12: Π | Z12: Χ | AA12: Π | AB12: Χ | AC12: Π | AD12: Χ | AE12: Π | AF12: Χ | AG12: Π | AH12: Χ | AI12: Π | AJ12: Χ | AK12: Π | AL12: Χ | AM12: Π | AN12: Χ | AO12: Π | AP12: Χ | AQ12: Π
B13: Ιανουάριος | C13: 1 | D13: Υπόλοιπο από μεταφορά έτους 2023 | K13: 1 | L13: 0 | M13: 1 | N13: 0 | O13: 1 | P13: 0 | Q13: 18 | R13: 0 | S13: 1 | T13: 0 | U13: 1 | V13: 0
A14: 1 | B14: Μάιος | C14: 22 | D14: Εγγραφή με τ.α.α.1656 ΥΔΙΠΥΛ για Π.Σ.5479 (Δγη 12424 Φ.544.1/02-03-2026) | Q14: 1

Sheet ΓΑΙ(54)
A1: ΒΙΒΛΙΟ | X1: ΥΛΙΚΟΥ ΔΙΟΙΚΗΣΗΣ Π.Υ. ΝΟΜΟΥ ΚΕΡΚΥΡΑΣ
A3: Αύξων αριθμός δικαιολογητικών | B3: 2026 | D3: Σελίδα 54 | K3: Βαλβολίνη σε χιλιόγραμμα | M3: Βενζίνη ΑΜΟΛΥΒΔΗ σε λίτρα | O3: Λίπος (Γράσο) σε χιλιόγραμμα | Q3: Ορυκτέλαιο σε χιλιόγραμμα | S3: Ορυκτέλαιο Υψηλών Πιέσεων σε χιλιόγραμμα | U3: DIESEL Κίνησης | X3: Ταινίες μονωτικές | Z3: Υγρά Φρένων | AB3: Αντιψυκτικό | AD3: Απιονισμένο νερό σε λίτρα | AF3: DIESEL Θέρμανσης | AH3: Λάδι κινητήρα Αεροσυμπιεστή σε λίτρα | AJ3: Ταινία προστασιας διαχωριστική | AL3: Λάδι Μείγμα | AN3: Ενισχυτικό καυσίμων "AD BLUE" σε λίτρα | AP3: Αεροπορικά Καύσιμα
D5: ΛΕΠΤΟΜΕΡΕΙΕΣ
B7: Μήνας | C7: Ημέρα
D8: Αύξων αριθμός ονομαστικού | K8: 15 | M8: 17β | O8: 66 | Q8: 95 | S8: 96 | U8: 105 | X8: 144 | Z8: 150 | AB8: 153 | AD8: 158α | AF8: 186 | AH8: 208 | AJ8: 252 | AL8: 283 | AN8: 296 | AP8: 285
D10: Γ.΄Α.΄Ι.΄
D12: ΔΙΑΦΟΡΕΣ ΥΛΕΣ ΑΝΑΛΩΣΙΜΑ | K12: Χ | L12: Π | M12: Χ | N12: Π | O12: Χ | P12: Π | Q12: Χ | R12: Π | S12: Χ | T12: Π | U12: Χ | V12: Π | X12: Χ | Y12: Π | Z12: Χ | AA12: Π | AB12: Χ | AC12: Π | AD12: Χ | AE12: Π | AF12: Χ | AG12: Π | AH12: Χ | AI12: Π | AJ12: Χ | AK12: Π | AL12: Χ | AM12: Π | AN12: Χ | AO12: Π | AP12: Χ | AQ12: Π
B13: Ιανουάριος | C13: 1 | D13: Υπόλοιπο από μεταφορά έτους 2023 | K13: 200 | L13: 0 | M13: 3370.03 | N13: 0 | O13: 0 | P13: 0 | Q13: 1320 | R13: 0 | S13: 44 | T13: 0 | U13: 57476 | V13: 0 | X13: 0 | Y13: 0 | Z13: 100 | AA13: 0 | AB13: 650 | AC13: 0 | AD13: 40 | AE13: 0 | AF13: 14187 | AG13: 0 | AH13: 28 | AI13: 0 | AJ13: 0 | AK13: 0 | AL13: 28 | AM13: 0 | AN13: 840 | AO13: 0 | AP13: 3617 | AQ13: 0
A14: 1 | B14: Φεβρουάριος | C14: 17 | D14: Διαγραφή καυσίμων Φεβρουάριος 2024 (Δγη 9000 Φ.553.4/17-02-2025) | N14: 188 | R14: 26 | V14: 2773 | AO14: 30
A15: 2 | B15: Μάρτιος | C15: 10 | D15: Διαγραφή καυσίμων Μάρτιος 2024 (Δγη 14546 Φ.553.4/10-03-2026) | N15: 315 | R15: 52 | V15: 3856 | AO15: 10
A16: 3 | B16: Μάρτιος | C16: 20 | D16: Διαγραφή καυσίμων Απρίλιος 2024 (Δγη 15734 Φ.553.4/20-03-2026) | N16: 123 | R16: 112 | V16: 3905 | AO16: 10
A17: 4 | B17: Μάρτιος | C17: 24 | D17: Διαγραφή καυσίμων Μάιος 2024 (Δγη 17542 Φ.553.4/24-03-2026) | N17: 282 | R17: 86 | V17: 3860 | AO17: 20
A18: 5 | B18: Μάρτιος | C18: 24 | D18: Διαγραφή καυσίμων Ιούνιος 2024 (Δγη 17636 Φ.553.4/24-03-2026) | N18: 185 | V18: 3100 | AC18: 10
A19: 6 | B19: Μάρτιος | C19: 31 | D19: Διαγραφή καυσίμων Ιούλιος 2024 (Δγη 18949 Φ.553.4/31-03-2026) | N19: 125 | V19: 6000 | AO19: 50
A20: 7 | B20: Απρίλιος | C20: 1 | D20: Διαγραφή καυσίμων Αύγουστος 2024 (Δγη 19166 Φ.553.4/01-04-2026) | N20: 310 | V20: 7130 | AO20: 90
A21: 8 | B21: Απρίλιος | C21: 1 | D21: Διαγραφή καυσίμων σε ξένες Υπηρεσίες Μάιος 2024 (Δγη 47350 Φ.553.4/02-02-2026) | N21: 172
A22: 9 | B22: Απρίλιος | C22: 1 | D22: Διαγραφή καυσίμων σε ξένες Υπηρεσίες Ιούνιος 2024 (Δγη 47351 Φ.553.4/02-02-2026) | N22: 92
A23: 10 | B23: Απρίλιος | C23: 1 | D23: Διαγραφή καυσίμων σε ξένες Υπηρεσίες Νοέμβριος 2024 (Δγη 53153 Φ.553.4/02-03-2026) | N23: 30
A24: 11 | B24: Απρίλιος | C24: 1 | D24: Διαγραφή καυσίμων σε ξένες Υπηρεσίες Δεκέμβριος 2024 (Δγη 53158 Φ.553.4/02-03-2026) | N24: 68
A25: 12 | B25: Μάιος | C25: 15 | D25: Εγγραφή με τ.α.α.37 ΔΙΠΥΝ Ιωαννίνων για κάυσιμα σε διερχόμενο όχημα | U25: 115
A26: 13 | B26: Μάιος | C26: 15 | D26: Εγγραφή με τ.α.α.09 ΔΙΠΥΝ Ιωαννίνων για καύσιμα από τον Στρατό | U26: 8100
A27: 14 | B27: Μάιος | C27: 15 | D27: Εγγραφή με τ.α.α.25 ΔΙΠΥ Αθηνών για καύσιμα σε διερχόμενο όχημα | U27: 352
A28: 15 | B28: Μάιος | C28: 15 | D28: Εγγραφή με τ.α.α.39 1ης ΕΜΑΚ για καύσιμα σε διερχόμενο όχημα | U28: 168
A29: 16 | B29: Ιούνιος | C29: 15 | D29: Εγγραφή με τ.α.α.56 ΔΙΠΥΝ Ιωαννίνων για κάυσιμα από το Στρατό | M29: 2981 | U29: 7000
A30: 17 | B30: Ιούλιος | C30: 3 | D30: Εγγραφή με τ.α.α.132 ΔΙΠΥ Αθηνών για καύσιμα σε διερχόμενο όχημα | U30: 181
A31: 18 | B31: Ιούλιος | C31: 30 | D31: Εγγραφή με τ.α.α.93 1ης ΕΜΑΚ για καύσιμα σε διερχόμενο όχημα | U31: 43

Sheet ΓΑΙ(56)
A1: ΒΙΒΛΙΟ | X1: ΥΛΙΚΟΥ ΔΙΟΙΚΗΣΗΣ Π.Υ. ΝΟΜΟΥ ΚΕΡΚΥΡΑΣ
A3: Αύξων αριθμός δικαιολογητικών | B3: 2026 | D3: Σελίδα 56
D5: ΛΕΠΤΟΜΕΡΕΙΕΣ
B7: Μήνας | C7: Ημέρα
D8: Αύξων αριθμός ονομαστικού
D10: Γ.΄Α.΄Ι.΄
D12: ΔΙΑΦΟΡΕΣ ΥΛΕΣ ΑΝΑΛΩΣΙΜΑ | K12: Χ | L12: Π | M12: Χ | N12: Π | O12: Χ | P12: Π | Q12: Χ | R12: Π | S12: Χ | T12: Π | U12: Χ | V12: Π | X12: Χ | Y12: Π | Z12: Χ | AA12: Π | AB12: Χ | AC12: Π | AD12: Χ | AE12: Π | AF12: Χ | AG12: Π | AH12: Χ | AI12: Π | AJ12: Χ | AK12: Π | AL12: Χ | AM12: Π | AN12: Χ | AO12: Π | AP12: Χ | AQ12: Π
D13: Υπόλοιπο από μεταφορά έτους 2023

Sheet ΓΑΙ(58)
A1: ΒΙΒΛΙΟ | X1: ΥΛΙΚΟΥ ΔΙΟΙΚΗΣΗΣ Π.Υ. ΝΟΜΟΥ ΚΕΡΚΥΡΑΣ
A3: Αύξων αριθμός δικαιολογητικών | B3: 2026 | D3: Σελίδα 58 | K3: Βαλβολίνη σε χιλιόγραμμα | M3: Βενζίνη ΑΜΟΛΥΒΔΗ σε λίτρα | O3: Λίπος (Γράσο) σε χιλιόγραμμα | Q3: Ορυκτέλαιο σε χιλιόγραμμα | S3: Ορυκτέλαιο Υψηλών Πιέσεων σε χιλιόγραμμα | U3: DIESEL Κίνησης | X3: Ταινίες μονωτικές | Z3: Υγρά Φρένων | AB3: Αντιψυκτικό | AD3: Απιονισμένο νερό σε λίτρα | AF3: DIESEL Θέρμανσης | AH3: Λάδι κινητήρα Αεροσυμπιεστή σε λίτρα | AJ3: Ταινία προστασιας διαχωριστική | AL3: Λάδι Μείγμα | AN3: Ενισχυτικό καυσίμων "AD BLUE" σε λίτρα | AP3: Αεροπορικά Καύσιμα
D5: ΛΕΠΤΟΜΕΡΕΙΕΣ
B7: Μήνας | C7: Ημέρα
D8: Αύξων αριθμός ονομαστικού | K8: 15 | M8: 17β | O8: 66 | Q8: 95 | S8: 96 | U8: 105 | X8: 144 | Z8: 150 | AB8: 153 | AD8: 158α | AF8: 186 | AH8: 208 | AJ8: 252 | AL8: 283 | AN8: 296 | AP8: 285
D10: Γ.΄Α.΄Ι.΄
D12: ΔΙΑΦΟΡΕΣ ΥΛΕΣ ΑΝΑΛΩΣΙΜΑ | K12: Χ | L12: Π | M12: Χ | N12: Π | O12: Χ | P12: Π | Q12: Χ | R12: Π | S12: Χ | T12: Π | U12: Χ | V12: Π | X12: Χ | Y12: Π | Z12: Χ | AA12: Π | AB12: Χ | AC12: Π | AD12: Χ | AE12: Π | AF12: Χ | AG12: Π | AH12: Χ | AI12: Π | AJ12: Χ | AK12: Π | AL12: Χ | AM12: Π | AN12: Χ | AO12: Π | AP12: Χ | AQ12: Π
B13: Ιανουάριος | C13: 1 | D13: Υπόλοιπο από μεταφορά έτους 2023 | K13: 517 | L13: 0 | M13: 5943 | N13: 0 | O13: 108 | P13: 0 | Q13: 2229 | R13: 0 | S13: -6 | T13: 0 | U13: 66790 | V13: 0 | X13: 0 | Y13: 0 | Z13: 256 | AA13: 0 | AB13: 996 | AC13: 0 | AD13: 140 | AE13: 0 | AF13: 17572 | AG13: 0 | AH13: 28 | AI13: 0 | AJ13: 0 | AK13: 0 | AL13: 48 | AM13: 0 | AN13: 990 | AO13: 0 | AP13: 3617 | AQ13: 0

Sheet ΓΑΙ(60)
A1: ΒΙΒΛΙΟ | X1: ΥΛΙΚΟΥ ΔΙΟΙΚΗΣΗΣ Π.Υ. ΝΟΜΟΥ ΚΕΡΚΥΡΑΣ
A3: Αύξων αριθμός δικαιολογητικών | B3: 2026 | D3: Σελίδα 60
D5: ΛΕΠΤΟΜΕΡΕΙΕΣ
B7: Μήνας | C7: Ημέρα
D8: Αύξων αριθμός ονομαστικού
D10: Γ.΄Α.΄Ι.΄
D12: ΔΙΑΦΟΡΕΣ ΥΛΕΣ ΑΝΑΛΩΣΙΜΑ | K12: Χ | L12: Π | M12: Χ | N12: Π | O12: Χ | P12: Π | Q12: Χ | R12: Π | S12: Χ | T12: Π | U12: Χ | V12: Π | X12: Χ | Y12: Π | Z12: Χ | AA12: Π | AB12: Χ | AC12: Π | AD12: Χ | AE12: Π | AF12: Χ | AG12: Π | AH12: Χ | AI12: Π | AJ12: Χ | AK12: Π | AL12: Χ | AM12: Π | AN12: Χ | AO12: Π | AP12: Χ | AQ12: Π
D13: Υπόλοιπο από μεταφορά έτους 2023

Sheet ΓΑΙΑ(62)
A1: ΒΙΒΛΙΟ | X1: ΥΛΙΚΟΥ ΔΙΟΙΚΗΣΗΣ Π.Υ. ΝΟΜΟΥ ΚΕΡΚΥΡΑΣ
A3: Αύξων αριθμός δικαιολογητικών | B3: 2026 | D3: Σελίδα 62 | K3: Αερόμετρα Αεροθαλάμων | M3: Κλειδιά διάρρηξης θυρών ανελκυστήρων | O3: Νέες Σειρές εργαλείων διάρρηξης θυρών ανελκυστήρων | Q3: Γάντζοι ρυμούλκισης | S3: Δοχείο | U3: Τρίγωνα σήμανσης στάσης στάθμευσης οχημάτων | X3: Εξωλκέας ελαστικών τροχών οχημάτων | Z3: Θήκη εργαλείων οχημάτων | AB3: Καλύμματα οχημάτων πλαστικά (καμβάς) | AD3: Κιβώτια εργαλείων (πλαστικά επι οχημάτων) | AF3: Μεταλλικά κιβώτια εργαλείων "Εργαλειοθήκες" | AH3: Κλειδιά Γερμανικά εν γένει | AJ3: Σειρές Γερμανικών κλειδιών | AL3: Κλειδιά σωληνωτά για τα ημιαξόνια των τροχών οχημάτων | AN3: Ναυτικά κλειδιά | AP3: Κλειδιά Allen
D5: ΛΕΠΤΟΜΕΡΕΙΕΣ
B7: Μήνας | C7: Ημέρα
D8: Αύξων αριθμός ονομαστικού | K8: 1 | M8: 13α | O8: 13β | Q8: 20 | S8: 24 | U8: 29 | X8: 34 | Z8: 35 | AB8: 36 | AD8: 41β | AF8: 42 | AH8: 43 | AJ8: 43α | AL8: 44 | AN8: 46 | AP8: 48
D10: Γ.΄Α.΄ΙΑ.΄
D12: ΠΑΡΕΛΚΟΜΕΝΑ ΟΧΗΜΑΤΩΝ | K12: Χ | L12: Π | M12: Χ | N12: Π | O12: Χ | P12: Π | Q12: Χ | R12: Π | S12: Χ | T12: Π | U12: Χ | V12: Π | X12: Χ | Y12: Π | Z12: Χ | AA12: Π | AB12: Χ | AC12: Π | AD12: Χ | AE12: Π | AF12: Χ | AG12: Π | AH12: Χ | AI12: Π | AJ12: Χ | AK12: Π | AL12: Χ | AM12: Π | AN12: Χ | AO12: Π | AP12: Χ | AQ12: Π
B13: Ιανουάριος | C13: 1 | D13: Υπόλοιπο από μεταφορά έτους 2023 | K13: 3 | L13: 0 | M13: 16 | N13: 0 | O13: 8 | P13: 0 | Q13: 1 | R13: 0 | S13: 19 | T13: 0 | U13: 33 | V13: 0 | X13: 10 | Y13: 0 | Z13: 1 | AA13: 0 | AB13: 2 | AC13: 0 | AD13: 12 | AE13: 0 | AF13: 13 | AG13: 0 | AH13: 113 | AI13: 0 | AJ13: 21 | AK13: 0 | AL13: 1 | AM13: 0 | AN13: 4 | AO13: 0 | AP13: 20 | AQ13: 0
A14: 1 | B14: Μάιος | C14: 27 | D14: Εγγραφή με τ.α.α.20/2026 για αγορά αντ/κών από το εμπόριο (Απ.Ανάλ.Υποχρ.8409/15-05-2026)
A15: 2 | B15: Μάιος | C15: 15 | D15: Εγγραφή με τ.α.α.121 ΥΔΙΠΥΛ για Π.Σ. 5428 (Δγη 2208 Φ.544.1/15-01-2026) | U15: 1
A16: 3 | B16: Μάιος | C16: 20 | D16: Εγγραφή με τ.α.α. 985 ΥΔΙΠΥΛ για Π.Σ.5740 και Π.Σ.5741 (Δγη11526/26-06-2026) | U16: 2
A17: 4 | B17: Μάιος | C17: 22 | D17: Εγγραφή με τ.α.α.1654 ΥΔΙΠΥΛ για Π.Σ.5479 (Δγη 12424 Φ.544.1/02-03-2026) | M17: 1 | U17: 1 | AF17: 1 | AH17: 1

Sheet ΓΑΙΑ(64)
A1: ΒΙΒΛΙΟ | X1: ΥΛΙΚΟΥ ΔΙΟΙΚΗΣΗΣ Π.Υ. ΝΟΜΟΥ ΚΕΡΚΥΡΑΣ
A3: Αύξων αριθμός δικαιολογητικών | B3: 2026 | D3: Σελίδα 64 | K3: Σειρές με κλειδιά Allen | M3: Κλειδιά κύστεων οχημάτων (κλιμακοφόρου SCANIA) | O3: Κλειδιά καρυδάκια σε σειρές | Q3: Κλειδιά ειδικά αναφλεκτήρων (Μπουζόκλειδα) | S3: Κλειδιά διπλά αλυσσοπριόνων | U3: Κλειδιά ρυθμιζόμενα "Γαλλικά" εν γένει | X3: Κλειδί ρυθμιζόμενο ΠΣ 1184 | Z3: Κλειδιά πολύγωνα τύπου "Ζ" | AB3: Κλειδιά Γερμανοπο-λύγωνα | AD3: Κλειδιά Ρακόρ -Πολύγωνα - Γερμανοπολύγωνα | AF3: Κλειδιά Πολύγωνα | AH3: Κλειδιά αλλαγής τροχών διάφορα (μπουλονό-κλειδα) | AJ3: Κλειδιά τριπλής χρήσεως | AL3: Σετ Γερμανοπο-λύγωνα | AN3: Κλειδιά αναφλεκτήρων εν γένει | AP3: Κοχλιοστρόφια διάφορα (Κατσαβίδια)
D5: ΛΕΠΤΟΜΕΡΕΙΕΣ
B7: Μήνας | C7: Ημέρα
D8: Αύξων αριθμός ονομαστικού | K8: 48α | M8: 49 | O8: 50 | Q8: 52 | S8: 53 | U8: 54 | X8: 62 | Z8: 63 | AB8: 63α | AD8: 63β | AF8: 63γ | AH8: 64 | AJ8: 65 | AL8: 66α | AN8: 69 | AP8: 78
D10: Γ.΄Α.΄ΙΑ.΄
D12: ΠΑΡΕΛΚΟΜΕΝΑ ΟΧΗΜΑΤΩΝ | K12: Χ | L12: Π | M12: Χ | N12: Π | O12: Χ | P12: Π | Q12: Χ | R12: Π | S12: Χ | T12: Π | U12: Χ | V12: Π | X12: Χ | Y12: Π | Z12: Χ | AA12: Π | AB12: Χ | AC12: Π | AD12: Χ | AE12: Π | AF12: Χ | AG12: Π | AH12: Χ | AI12: Π | AJ12: Χ | AK12: Π | AL12: Χ | AM12: Π | AN12: Χ | AO12: Π | AP12: Χ | AQ12: Π
B13: Ιανουάριος | C13: 1 | D13: Υπόλοιπο από μεταφορά έτους 2023 | K13: 17 | L13: 0 | M13: 1 | N13: 0 | O13: 4 | P13: 0 | Q13: 5 | R13: 0 | S13: 2 | T13: 0 | U13: 15 | V13: 0 | X13: 1 | Y13: 0 | Z13: 31 | AA13: 0 | AB13: 13 | AC13: 0 | AD13: 1 | AE13: 0 | AF13: 2 | AG13: 0 | AH13: 39 | AI13: 0 | AJ13: 2 | AK13: 0 | AL13: 2 | AM13: 0 | AN13: 1 | AO13: 0 | AP13: 153 | AQ13: 0
A14: 1
A15: 2 | AH15: 1
A16: 3 | AH16: 2
A17: 4 | K17: 1 | U17: 1 | AH17: 1 | AP17: 6

Sheet ΓΑΙΑ(66)
A1: ΒΙΒΛΙΟ | X1: ΥΛΙΚΟΥ ΔΙΟΙΚΗΣΗΣ Π.Υ. ΝΟΜΟΥ ΚΕΡΚΥΡΑΣ
A3: Αύξων αριθμός δικαιολογητικών | B3: 2026 | D3: Σελίδα 66 | K3: Χειρομοχλός Τυλιχτήρα Υψ. Πίεσης oχήματος NISSAN | M3: Πιστόλια λίπανσης οχημάτων | O3: Πιστόλια πετρελαίου για την πλύση οχημάτων | Q3: Προβολείς οχημάτων (φορητοί) | S3: Ρυμούλκες σταθερές | U3: Ρυμούκες συρμάτινες με άγκιστρο | X3: Τρίγωνα στάσης ακινητοποίησης οχημάτων | Z3: Συρματόσχοινα ρυμούλκισης οχημάτων | AB3: Συρματόσχοινα ρυμούλκισης οχημάτων των "6"μέτρων | AD3: Συστήματα επιμήκυνσης προβολέων | AF3: Σωλήνες αναρρόφησης αφρού | AH3: Τρίποδες εν γένει προβολέων | AJ3: Τροχαλία συστήματος έλξης | AL3: Τυλικτήρες | AN3: Τύμπανα με καλώδιο "Μπαλαντέζες" | AP3: Μανιβέλλα περιέλιξης σωλήνων
D5: ΛΕΠΤΟΜΕΡΕΙΕΣ
B7: Μήνας | C7: Ημέρα
D8: Αύξων αριθμός ονομαστικού | K8: 85α | M8: 89 | O8: 90 | Q8: 91 | S8: 96 | U8: 96α | X8: 99 | Z8: 109 | AB8: 109α | AD8: 110 | AF8: 113 | AH8: 115 | AJ8: 116α | AL8: 118α | AN8: 119 | AP8: 128
D10: Γ.΄Α.΄ΙΑ.΄
D12: ΠΑΡΕΛΚΟΜΕΝΑ ΟΧΗΜΑΤΩΝ | K12: Χ | L12: Π | M12: Χ | N12: Π | O12: Χ | P12: Π | Q12: Χ | R12: Π | S12: Χ | T12: Π | U12: Χ | V12: Π | X12: Χ | Y12: Π | Z12: Χ | AA12: Π | AB12: Χ | AC12: Π | AD12: Χ | AE12: Π | AF12: Χ | AG12: Π | AH12: Χ | AI12: Π | AJ12: Χ | AK12: Π | AL12: Χ | AM12: Π | AN12: Χ | AO12: Π | AP12: Χ | AQ12: Π
B13: Ιανουάριος | C13: 1 | D13: Υπόλοιπο από μεταφορά έτους 2023 | K13: 1 | L13: 0 | M13: 1 | N13: 0 | O13: 1 | P13: 0 | Q13: 26 | R13: 0 | S13: 1 | T13: 0 | U13: 1 | V13: 0 | X13: 6 | Y13: 0 | Z13: 26 | AA13: 0 | AB13: 3 | AC13: 0 | AD13: 2 | AE13: 0 | AF13: 2 | AG13: 0 | AH13: 21 | AI13: 0 | AJ13: 1 | AK13: 0 | AL13: 3 | AM13: 0 | AN13: 32 | AO13: 0 | AP13: 2 | AQ13: 0
A14: 1
A15: 2
A16: 3
A17: 4 | Q17: 1 | AN17: 1

Sheet ΓΑΙΑ(68)
A1: ΒΙΒΛΙΟ | X1: ΥΛΙΚΟΥ ΔΙΟΙΚΗΣΗΣ Π.Υ. ΝΟΜΟΥ ΚΕΡΚΥΡΑΣ
A3: Αύξων αριθμός δικαιολογητικών | B3: 2026 | D3: Σελίδα 68 | K3: Σφυρί με λαβή ξύλινη | M3: Κλειδιά σωληνωτά σε διάφορα μεγέθη | O3: Ρυμούλκες σταθερές με άγκιστρο | Q3: Αερόκλειδα | S3: Πλαστική δεξαμενή Πετρελαίου 3.500Λίτρων | U3: Κλειδιά σωλήνων "Κάβουρες" | X3: Δεξαμενές Πλαστικές από <1> τόνο έως <5> τόνους | Z3: Δεξαμενή πτυσόμενη Αερομ/ρόμενη των 1.000 λίτρων | AB3: Έντυπο οδηγιών πτυσόμενης δεξαμενής | AD3: Εργαλείο σύσφιξης άκρης συρματόσχοινου | AF3: Σύστημα αγκύρωσης πολλαπλών σημείων | AH3: Σύστημα έλξης φορτίου με τηλεσκοπική λαβή | AJ3: Μεταλλικό δοχείο καυσίμων | AL3: Δοχεία Καυσίμων | AN3: Σειρές εργαλείων ανοίγματος θυρών οχημάτων | AP3: Κλειδια "ΤΑΦ" (καρυδακι) Νο 10
D5: ΛΕΠΤΟΜΕΡΕΙΕΣ
B7: Μήνας | C7: Ημέρα
D8: Αύξων αριθμός ονομαστικού | K8: 136 | M8: 137 | O8: 142α | Q8: 186 | S8: 197 | U8: 201 | X8: 203 | Z8: 205 | AB8: 205δ | AD8: 207 | AF8: 208 | AH8: 209 | AJ8: 210 | AL8: 210α | AN8: 214 | AP8: 221
D10: Γ.΄Α.΄ΙΑ.΄
D12: ΠΑΡΕΛΚΟΜΕΝΑ ΟΧΗΜΑΤΩΝ | K12: Χ | L12: Π | M12: Χ | N12: Π | O12: Χ | P12: Π | Q12: Χ | R12: Π | S12: Χ | T12: Π | U12: Χ | V12: Π | X12: Χ | Y12: Π | Z12: Χ | AA12: Π | AB12: Χ | AC12: Π | AD12: Χ | AE12: Π | AF12: Χ | AG12: Π | AH12: Χ | AI12: Π | AJ12: Χ | AK12: Π | AL12: Χ | AM12: Π | AN12: Χ | AO12: Π | AP12: Χ | AQ12: Π
B13: Ιανουάριος | C13: 1 | D13: Υπόλοιπο από μεταφορά έτους 2023 | K13: 60 | L13: 0 | M13: 6 | N13: 0 | O13: 1 | P13: 0 | Q13: 2 | R13: 0 | S13: 1 | T13: 0 | U13: 12 | V13: 0 | X13: 2 | Y13: 0 | Z13: 1 | AA13: 0 | AB13: 1 | AC13: 0 | AD13: 1 | AE13: 0 | AF13: 1 | AG13: 0 | AH13: 1 | AI13: 0 | AJ13: 3 | AK13: 0 | AL13: 4 | AM13: 0 | AN13: 1 | AO13: 0 | AP13: 1 | AQ13: 0
A14: 1
A15: 2
A16: 3
A17: 4 | K17: 2

Sheet ΓΑΙΑ(70)
A1: ΒΙΒΛΙΟ | X1: ΥΛΙΚΟΥ ΔΙΟΙΚΗΣΗΣ Π.Υ. ΝΟΜΟΥ ΚΕΡΚΥΡΑΣ
A3: Αύξων αριθμός δικαιολογητικών | B3: 2026 | D3: Σελίδα 70 | K3: Κλειδια "ΤΑΦ" (καρυδακι) Νο 13 | M3: Δίχτυ δεξαμενής | O3: Ιμάντας πρόσδεσης δεξαμενής | Q3: Κλειδια "ΤΑΦ" Διάφορα (καρυδάκι) Νο 6, 7, 8, ..κλπ | S3: Αισθητήρες στάθμης νερού δεξαμενής MAXBOTIX υδροφόρων οχημάτων | U3: Μηχανισμοί Εκτόξευσης Νερού Υαλοκαθαριστήρων | X3: Δεξαμενές καυσίμου οχημάτων | Z3: Καθρέπτες Οχημάτων | AB3: Κλειδιά Οχημάτων Immobilizer | AD3: Μαρκούτσια Διάφορα | AF3: Δεξαμενές Καυσίμων | AH3: Βραχίονες Υαλοκαθαριστήρων | AJ3: Ηλεκτρικά | AL3: Δεξαμενές Ύδατος Φορητές | AN3: Ανταλλακτικά Φίτρου Βενζίνης | AP3: Κάμερα Οχημάτων
D5: ΛΕΠΤΟΜΕΡΕΙΕΣ
B7: Μήνας | C7: Ημέρα
D8: Αύξων αριθμός ονομαστικού | K8: 222 | M8: 224 | O8: 225 | Q8: 228 | S8: 230 | U8: 178 | X8: 21 | Z8: 39α | AB8: 234 | AD8: 83 | AF8: 21γ | AH8: 17 | AJ8: 164 | AL8: 229 | AN8: 12 | AP8: 238
D10: Γ.΄Α.΄ΙΑ.΄
D12: ΠΑΡΕΛΚΟΜΕΝΑ ΟΧΗΜΑΤΩΝ | K12: Χ | L12: Π | M12: Χ | N12: Π | O12: Χ | P12: Π | Q12: Χ | R12: Π | S12: Χ | T12: Π | U12: Χ | V12: Π | X12: Χ | Y12: Π | Z12: Χ | AA12: Π | AB12: Χ | AC12: Π | AD12: Χ | AE12: Π | AF12: Χ | AG12: Π | AH12: Χ | AI12: Π | AJ12: Χ | AK12: Π | AL12: Χ | AM12: Π | AN12: Χ | AO12: Π | AP12: Χ | AQ12: Π
B13: Ιανουάριος | C13: 1 | D13: Υπόλοιπο από μεταφορά έτους 2023 | K13: 1 | L13: 0 | M13: 1 | N13: 0 | O13: 1 | P13: 0 | Q13: 2 | R13: 0 | S13: 26 | T13: 0 | U13: 3 | V13: 0 | X13: 2 | Y13: 0 | Z13: 1 | AA13: 0 | AB13: 1 | AC13: 0 | AD13: 1 | AE13: 0 | AF13: 2 | AG13: 0 | AH13: 5 | AI13: 0 | AJ13: 1 | AK13: 0 | AL13: 0 | AM13: 0
A14: 1 | X14: 1
A15: 2
A16: 3 | AP16: 2
A17: 4 | AP17: 2

Sheet ΓΑΙΑ(72)
A1: ΒΙΒΛΙΟ | X1: ΥΛΙΚΟΥ ΔΙΟΙΚΗΣΗΣ Π.Υ. ΝΟΜΟΥ ΚΕΡΚΥΡΑΣ
A3: Αύξων αριθμός δικαιολογητικών | B3: 2026 | D3: Σελίδα 72 | K3: Βάσεις Τοποθέτησης Διαφόρων Υλικών | M3: Συρματόσχοινα Ρυμουλκήσεως
D5: ΛΕΠΤΟΜΕΡΕΙΕΣ
B7: Μήνας | C7: Ημέρα
D8: Αύξων αριθμός ονομαστικού | K8: 15 | M8: 139
D10: Γ.΄Α.΄ΙΑ.΄
D12: ΠΑΡΕΛΚΟΜΕΝΑ ΟΧΗΜΑΤΩΝ | K12: Χ | L12: Π | M12: Χ | N12: Π | O12: Χ | P12: Π | Q12: Χ | R12: Π | S12: Χ | T12: Π | U12: Χ | V12: Π | X12: Χ | Y12: Π | Z12: Χ | AA12: Π | AB12: Χ | AC12: Π | AD12: Χ | AE12: Π | AF12: Χ | AG12: Π | AH12: Χ | AI12: Π | AJ12: Χ | AK12: Π | AL12: Χ | AM12: Π | AN12: Χ | AO12: Π | AP12: Χ | AQ12: Π
D13: Υπόλοιπο από μεταφορά έτους 2023 | K13: 0 | L13: 0
A14: 1
A15: 2
A16: 3
A17: 4 | K17: 1 | M17: 1

Sheet ΓΑΙΑ(74)
A1: ΒΙΒΛΙΟ | X1: ΥΛΙΚΟΥ ΔΙΟΙΚΗΣΗΣ Π.Υ. ΝΟΜΟΥ ΚΕΡΚΥΡΑΣ
A3: Αύξων αριθμός δικαιολογητικών | B3: 2026 | D3: Σελίδα 74
D5: ΛΕΠΤΟΜΕΡΕΙΕΣ
B7: Μήνας | C7: Ημέρα
D8: Αύξων αριθμός ονομαστικού
D10: Γ.΄Α.΄ΙΑ.΄
D12: ΠΑΡΕΛΚΟΜΕΝΑ ΟΧΗΜΑΤΩΝ | K12: Χ | L12: Π | M12: Χ | N12: Π | O12: Χ | P12: Π | Q12: Χ | R12: Π | S12: Χ | T12: Π | U12: Χ | V12: Π | X12: Χ | Y12: Π | Z12: Χ | AA12: Π | AB12: Χ | AC12: Π | AD12: Χ | AE12: Π | AF12: Χ | AG12: Π | AH12: Χ | AI12: Π | AJ12: Χ | AK12: Π | AL12: Χ | AM12: Π | AN12: Χ | AO12: Π | AP12: Χ | AQ12: Π
D13: Υπόλοιπο από μεταφορά έτους 2023

Sheet ΓΑΙΑ(76)
A1: ΒΙΒΛΙΟ | X1: ΥΛΙΚΟΥ ΔΙΟΙΚΗΣΗΣ Π.Υ. ΝΟΜΟΥ ΚΕΡΚΥΡΑΣ
A3: Αύξων αριθμός δικαιολογητικών | B3: 2026 | D3: Σελίδα 76
D5: ΛΕΠΤΟΜΕΡΕΙΕΣ
B7: Μήνας | C7: Ημέρα
D8: Αύξων αριθμός ονομαστικού
D10: Γ.΄Α.΄ΙΑ.΄
D12: ΠΑΡΕΛΚΟΜΕΝΑ ΟΧΗΜΑΤΩΝ | K12: Χ | L12: Π | M12: Χ | N12: Π | O12: Χ | P12: Π | Q12: Χ | R12: Π | S12: Χ | T12: Π | U12: Χ | V12: Π | X12: Χ | Y12: Π | Z12: Χ | AA12: Π | AB12: Χ | AC12: Π | AD12: Χ | AE12: Π | AF12: Χ | AG12: Π | AH12: Χ | AI12: Π | AJ12: Χ | AK12: Π | AL12: Χ | AM12: Π | AN12: Χ | AO12: Π | AP12: Χ | AQ12: Π
D13: Υπόλοιπο από μεταφορά έτους 2023

Sheet ΓΑΙΑ(78)
A1: ΒΙΒΛΙΟ | X1: ΥΛΙΚΟΥ ΔΙΟΙΚΗΣΗΣ Π.Υ. ΝΟΜΟΥ ΚΕΡΚΥΡΑΣ
A3: Αύξων αριθμός δικαιολογητικών | B3: 2026 | D3: Σελίδα 78
D5: ΛΕΠΤΟΜΕΡΕΙΕΣ
B7: Μήνας | C7: Ημέρα
D8: Αύξων αριθμός ονομαστικού
D10: Γ.΄Α.΄ΙΑ.΄
D12: ΠΑΡΕΛΚΟΜΕΝΑ ΟΧΗΜΑΤΩΝ | K12: Χ | L12: Π | M12: Χ | N12: Π | O12: Χ | P12: Π | Q12: Χ | R12: Π | S12: Χ | T12: Π | U12: Χ | V12: Π | X12: Χ | Y12: Π | Z12: Χ | AA12: Π | AB12: Χ | AC12: Π | AD12: Χ | AE12: Π | AF12: Χ | AG12: Π | AH12: Χ | AI12: Π | AJ12: Χ | AK12: Π | AL12: Χ | AM12: Π | AN12: Χ | AO12: Π | AP12: Χ | AQ12: Π
D13: Υπόλοιπο από μεταφορά έτους 2023

Sheet ΓΑΙΑ(80)
A1: ΒΙΒΛΙΟ | X1: ΥΛΙΚΟΥ ΔΙΟΙΚΗΣΗΣ Π.Υ. ΝΟΜΟΥ ΚΕΡΚΥΡΑΣ
A3: Αύξων αριθμός δικαιολογητικών | B3: 2026 | D3: Σελίδα 80
D5: ΛΕΠΤΟΜΕΡΕΙΕΣ
B7: Μήνας | C7: Ημέρα
D8: Αύξων αριθμός ονομαστικού
D10: Γ.΄Α.΄ΙΑ.΄
D12: ΠΑΡΕΛΚΟΜΕΝΑ ΟΧΗΜΑΤΩΝ | K12: Χ | L12: Π | M12: Χ | N12: Π | O12: Χ | P12: Π | Q12: Χ | R12: Π | S12: Χ | T12: Π | U12: Χ | V12: Π | X12: Χ | Y12: Π | Z12: Χ | AA12: Π | AB12: Χ | AC12: Π | AD12: Χ | AE12: Π | AF12: Χ | AG12: Π | AH12: Χ | AI12: Π | AJ12: Χ | AK12: Π | AL12: Χ | AM12: Π | AN12: Χ | AO12: Π | AP12: Χ | AQ12: Π
D13: Υπόλοιπο από μεταφορά έτους 2023

Sheet ΓΑΙΑ(82)
A1: ΒΙΒΛΙΟ | X1: ΥΛΙΚΟΥ ΔΙΟΙΚΗΣΗΣ Π.Υ. ΝΟΜΟΥ ΚΕΡΚΥΡΑΣ
A3: Αύξων αριθμός δικαιολογητικών | B3: 2026 | D3: Σελίδα 82
D5: ΛΕΠΤΟΜΕΡΕΙΕΣ
B7: Μήνας | C7: Ημέρα
D8: Αύξων αριθμός ονομαστικού
D10: Γ.΄Α.΄ΙΑ.΄
D12: ΠΑΡΕΛΚΟΜΕΝΑ ΟΧΗΜΑΤΩΝ | K12: Χ | L12: Π | M12: Χ | N12: Π | O12: Χ | P12: Π | Q12: Χ | R12: Π | S12: Χ | T12: Π | U12: Χ | V12: Π | X12: Χ | Y12: Π | Z12: Χ | AA12: Π | AB12: Χ | AC12: Π | AD12: Χ | AE12: Π | AF12: Χ | AG12: Π | AH12: Χ | AI12: Π | AJ12: Χ | AK12: Π | AL12: Χ | AM12: Π | AN12: Χ | AO12: Π | AP12: Χ | AQ12: Π
D13: Υπόλοιπο από μεταφορά έτους 2023

Sheet ΓΑΙΑ(84)
A1: ΒΙΒΛΙΟ | X1: ΥΛΙΚΟΥ ΔΙΟΙΚΗΣΗΣ Π.Υ. ΝΟΜΟΥ ΚΕΡΚΥΡΑΣ
A3: Αύξων αριθμός δικαιολογητικών | B3: 2026 | D3: Σελίδα 84
D5: ΛΕΠΤΟΜΕΡΕΙΕΣ
B7: Μήνας | C7: Ημέρα
D8: Αύξων αριθμός ονομαστικού
D10: Γ.΄Α.΄ΙΑ.΄
D12: ΠΑΡΕΛΚΟΜΕΝΑ ΟΧΗΜΑΤΩΝ | K12: Χ | L12: Π | M12: Χ | N12: Π | O12: Χ | P12: Π | Q12: Χ | R12: Π | S12: Χ | T12: Π | U12: Χ | V12: Π | X12: Χ | Y12: Π | Z12: Χ | AA12: Π | AB12: Χ | AC12: Π | AD12: Χ | AE12: Π | AF12: Χ | AG12: Π | AH12: Χ | AI12: Π | AJ12: Χ | AK12: Π | AL12: Χ | AM12: Π | AN12: Χ | AO12: Π | AP12: Χ | AQ12: Π
D13: Υπόλοιπο από μεταφορά έτους 2023

Sheet ΓΒΑ(86)
A1: ΒΙΒΛΙΟ | X1: ΥΛΙΚΟΥ ΔΙΟΙΚΗΣΗΣ Π.Υ. ΝΟΜΟΥ ΚΕΡΚΥΡΑΣ
A3: Αύξων αριθμός δικαιολογητικών | B3: 2026 | D3: Σελίδα 86 | K3: Βολίδες καπνοδόχου | M3: Γόμωση πυροσβεστήρων ξηράς σκόνης σε Kgr | O3: Κλίμακες μεθ΄αρπαγίου διάφορες | Q3: Κλίμακες 2πλής ανάπτυξης | S3: Κλίμακες ολκωτές μεταλικές διπλής ανάπτυξης | U3: Κλίμακες ολκωτές μεταλικές τριπλής ανάπτυξης | X3: Κάλοι (σχοινιά) διάσωσης των "20"μέτρων με κρίκους | Z3: Ορειβατικό σχοινί σε μέτρα | AB3: Κάλοι οδηγητικοί των "30"μέτρων με κρίκους | AD3: Σχοινί σε μέτρα | AF3: Πολυδυναμικό σχοινί σε μέτρα | AH3: Κιβώτια εργαλείων κοπής ηλεκτρικών καλωδίων | AJ3: Αντιπυρικές κουβέρτες | AL3: Κουκούλες κεφαλής αντιπυρικών στολών | AN3: Πτερά κατάσβεσης πυρκαγίων με στυλέο | AP3: Πτερά κατάσβεσης πυρκαγίων χωρίς στυλεούς
D5: ΛΕΠΤΟΜΕΡΕΙΕΣ
B7: Μήνας | C7: Ημέρα
D8: Αύξων αριθμός ονομαστικού | K8: 9 | M8: 14 | O8: 22 | Q8: 23 | S8: 25 | U8: 26 | X8: 27 | Z8: 27β | AB8: 29 | AD8: 32α | AF8: 33 | AH8: 35 | AJ8: 36 | AL8: 38 | AN8: 43α | AP8: 44
D10: Γ.΄Β.΄Α.΄
D12: ΟΡΓΑΝΑ ΚΑΤΑΣΒΕΣΕΩΣ - ΔΙΑΣΩΣΕΩΣ | K12: Χ | L12: Π | M12: Χ | N12: Π | O12: Χ | P12: Π | Q12: Χ | R12: Π | S12: Χ | T12: Π | U12: Χ | V12: Π | X12: Χ | Y12: Π | Z12: Χ | AA12: Π | AB12: Χ | AC12: Π | AD12: Χ | AE12: Π | AF12: Χ | AG12: Π | AH12: Χ | AI12: Π | AJ12: Χ | AK12: Π | AL12: Χ | AM12: Π | AN12: Χ | AO12: Π | AP12: Χ | AQ12: Π
B13: Ιανουάριος | C13: 1 | D13: Υπόλοιπο από μεταφορά έτους 2023 | K13: 5 | L13: 0 | M13: 0 | N13: 0 | O13: 16 | P13: 0 | Q13: 3 | R13: 0 | S13: 11 | T13: 0 | U13: 1 | V13: 0 | X13: 27 | Y13: 0 | Z13: 0 | AA13: 0 | AB13: 21 | AC13: 0 | AD13: 150 | AE13: 0 | AF13: 300 | AG13: 0 | AH13: 1 | AI13: 0 | AJ13: 56 | AK13: 0 | AL13: 2 | AM13: 0 | AN13: 15 | AO13: 0 | AP13: 9 | AQ13: 0
A14: 1 | B14: Μάιος | C14: 15 | D14: Εγγραφή με τ.α.α.122 ΥΔΙΠΥΛ για Π.Σ. 5428 (Δγη 2208 Φ.544.1/15-01-2026)
A15: 2 | B15: Μάιος | C15: 20 | D15: Εγγραφή με τ.α.α. 986 ΥΔΙΠΥΛ για Π.Σ.5740 και Π.Σ.5741 (Δγη11526/26-06-2026)
A16: 3 | B16: Μάιος | C16: 22 | D16: Εγγραφή με τ.α.α.1653 ΥΔΙΠΥΛ για Π.Σ.5479 (Δγη 12424 Φ.544.1/02-03-2026) | O16: 1 | X16: 2 | AB16: 2
A17: 4 | B17: Ιούνιος | C17: 22 | D17: Εγγραφή με τ.α.α.27 για αγορά ειδών από το εμπόριο Αποφ.Ανάλ.Υποχρ.3283/09-03-2026)
A18: 5 | B18: Ιούνιος | C18: 29 | D18: Εγγραφή με τ.α.α.29 για αγορά ειδών από το εμπόριο Αποφ.Ανάλ.Υποχρ.9060/25-05-2026) | AN18: 14
A19: 6 | B19: Αύγουατος | C19: 3 | D19: Εγγραφή με τ.α.α.2135 ΥΔΙΠΥΛ για πυρίμαχες κουβέρτες(Δγη 57637 Φ.527.1/13-10-2025)

Sheet ΓΒΑ(88)
A1: ΒΙΒΛΙΟ | X1: ΥΛΙΚΟΥ ΔΙΟΙΚΗΣΗΣ Π.Υ. ΝΟΜΟΥ ΚΕΡΚΥΡΑΣ
A3: Αύξων αριθμός δικαιολογητικών | B3: 2026 | D3: Σελίδα 88 | K3: Πυροσβε/ρας φορητός υδατος και αφρού με φιαλίδιο αερίου | M3: Πυροσβεστήρες ξηράς σκόνης των "12" Kgr | O3: Πυροσβεστήρες ξηράς σκόνης 2-6 Kgr | Q3: Πυροσβεστήρες CO2 -10 λίτρων | S3: Πυροσβεστήρες CO2 -6- λίτρων | U3: Παντελόνια αντιπυρικών στολών | X3: Αντιπυρική στολή προσέγγισης (Π.Σ.3412) | Z3: Αντιπυρική στολή προσέγγισης (Π.Σ.3168) | AB3: Σεντόνια διάσωσης | AD3: Διασωστικό Αερόστρωμμα | AF3: Τρίποδας διάσωσης με χειροκίνητο μηχανισμό | AH3: Τροχαλίες Διάφορες(Μακαράς) Τρίποδα Διάσωσης | AJ3: Τροχαλία διπλή συρματόσχοινου | AL3: Τηλεβόες | AN3: Υδρίες Υφασμάτινες | AP3: Μπότες αντιπυρικών στολών
D5: ΛΕΠΤΟΜΕΡΕΙΕΣ
B7: Μήνας | C7: Ημέρα
D8: Αύξων αριθμός ονομαστικού | K8: 46α | M8: 48 | O8: 48β | Q8: 51 | S8: 51α | U8: 57 | X8: 65 | Z8: 65α | AB8: 73 | AD8: 73α | AF8: 78 | AH8: 79 | AJ8: 79β | AL8: 82 | AN8: 83 | AP8: 87
D10: Γ.΄Β.΄Α.΄
D12: ΟΡΓΑΝΑ ΚΑΤΑΣΒΕΣΕΩΣ - ΔΙΑΣΩΣΕΩΣ | K12: Χ | L12: Π | M12: Χ | N12: Π | O12: Χ | P12: Π | Q12: Χ | R12: Π | S12: Χ | T12: Π | U12: Χ | V12: Π | X12: Χ | Y12: Π | Z12: Χ | AA12: Π | AB12: Χ | AC12: Π | AD12: Χ | AE12: Π | AF12: Χ | AG12: Π | AH12: Χ | AI12: Π | AJ12: Χ | AK12: Π | AL12: Χ | AM12: Π | AN12: Χ | AO12: Π | AP12: Χ | AQ12: Π
B13: Ιανουάριος | C13: 1 | D13: Υπόλοιπο από μεταφορά έτους 2023 | K13: 1 | L13: 0 | M13: 11 | N13: 0 | O13: 166 | P13: 0 | Q13: 3 | R13: 0 | S13: 35 | T13: 0 | U13: 2 | V13: 0 | X13: 9 | Y13: 0 | Z13: 1 | AA13: 0 | AB13: 1 | AC13: 0 | AD13: 2 | AE13: 0 | AF13: 5 | AG13: 0 | AH13: 1 | AI13: 0 | AJ13: 2 | AK13: 0 | AL13: 1 | AM13: 0 | AN13: 58 | AO13: 0 | AP13: 2 | AQ13: 0
A14: 1 | O14: 2
A15: 2 | O15: 2
A16: 3
A17: 4 | O17: 2 | S17: 1 | AN17: 2
A18: 5
A19: 6

Sheet ΓΒΑ(90)
A1: ΒΙΒΛΙΟ | X1: ΥΛΙΚΟΥ ΔΙΟΙΚΗΣΗΣ Π.Υ. ΝΟΜΟΥ ΚΕΡΚΥΡΑΣ
A3: Αύξων αριθμός δικαιολογητικών | B3: 2026 | D3: Σελίδα 90 | K3: Γάντια αντιπυρικών στολών σε ζεύγη | M3: Σακάκια αντιπυρικών στολών | O3: Ψαλίδες κοπής ηλεκτικών καλωδίων | Q3: Επινώτιοι πυρ/ρες | S3: Πένσες σετ ειδικές μονωμένες | U3: Στολές χημικής προστασίας νέου τύπου Drager | X3: Πλάκες κεφαλής τρίποδα διάσωσης με γάντζο | Z3: Αντιπυρικές ζακέτες | AB3: Αντιραδιενεγές στολές προστασίας | AD3: Συσκευή εκπομπής σήματος SOS | AF3: Ιμάντας φορτίου αντίστασης έως "15" τόνους | AH3: Καραμπίνερ ασφαλείας | AJ3: Στατικό σχοινί αναρίχησης-καταρήχησης σε μέτρα | AL3: Λανιέρες (μικροί ιμάντες) | AN3: Μηχανικό Φρένο χειρός ορειβατών & χειροκίνητο φρένο μηχ/νητου βαρούλκου | AP3: Φρένο στήθους
D5: ΛΕΠΤΟΜΕΡΕΙΕΣ
B7: Μήνας | C7: Ημέρα
D8: Αύξων αριθμός ονομαστικού | K8: 102 | M8: 107 | O8: 111 | Q8: 122 | S8: 138 | U8: 148 | X8: 149 | Z8: 152 | AB8: 163 | AD8: 165 | AF8: 168 | AH8: 172α | AJ8: 178 | AL8: 181 | AN8: 184 | AP8: 184α
D10: Γ.΄Β.΄Α.΄
D12: ΟΡΓΑΝΑ ΚΑΤΑΣΒΕΣΕΩΣ - ΔΙΑΣΩΣΕΩΣ | K12: Χ | L12: Π | M12: Χ | N12: Π | O12: Χ | P12: Π | Q12: Χ | R12: Π | S12: Χ | T12: Π | U12: Χ | V12: Π | X12: Χ | Y12: Π | Z12: Χ | AA12: Π | AB12: Χ | AC12: Π | AD12: Χ | AE12: Π | AF12: Χ | AG12: Π | AH12: Χ | AI12: Π | AJ12: Χ | AK12: Π | AL12: Χ | AM12: Π | AN12: Χ | AO12: Π | AP12: Χ | AQ12: Π
B13: Ιανουάριος | C13: 1 | D13: Υπόλοιπο από μεταφορά έτους 2023 | K13: 2 | L13: 0 | M13: 2 | N13: 0 | O13: 3 | P13: 0 | Q13: 96 | R13: 0 | S13: 1 | T13: 0 | U13: 12 | V13: 0 | X13: 1 | Y13: 0 | Z13: 2 | AA13: 0 | AB13: 1 | AC13: 0 | AD13: 2 | AE13: 0 | AF13: 1 | AG13: 0 | AH13: 40 | AI13: 0 | AJ13: 290 | AK13: 0 | AL13: 44 | AM13: 0 | AN13: 7 | AO13: 0 | AP13: 7 | AQ13: 0
A14: 1
A15: 2
A16: 3
A17: 4
A18: 5
A19: 6

Sheet ΓΒΑ(92)
A1: ΒΙΒΛΙΟ | X1: ΥΛΙΚΟΥ ΔΙΟΙΚΗΣΗΣ Π.Υ. ΝΟΜΟΥ ΚΕΡΚΥΡΑΣ
A3: Αύξων αριθμός δικαιολογητικών | B3: 2026 | D3: Σελίδα 92 | K3: Φρένο-STOP καταβατήρος | M3: Δίσκοι αγκύρωσης πολλαπλής κατάβασης | O3: Οκτάρια ασφαλείας | Q3: Τροχαλίες μονές / διπλές | S3: Μηχανισμός ανυψώσεως Pro-Traxion | U3: Μποντριέ Retzl | X3: Ζεύγη Γαντια Στολών Χημικής Προστασίας | Z3: Ζεύγη Εσωτερικά Γαντια Στολών Χημικής Προστασίας | AB3: Caterpilar Προστασία σχοινιού | AD3: Κορδονέτο | AF3: Ζεύγη Μπότες Στολών Χημικής Προστασίας | AH3: Καταφύγια Πυρκαγιάς | AJ3: Πυροσβεστήρες Τύπου F | AL3: Πολυεργαλείο | AN3: Κλίμακες 15 μέτρων | AP3: Θήκες διάφορες
D5: ΛΕΠΤΟΜΕΡΕΙΕΣ
B7: Μήνας | C7: Ημέρα
D8: Αύξων αριθμός ονομαστικού | K8: 184β | M8: 187 | O8: 199 | Q8: 200 | S8: 212 | U8: 217 | X8: 229 | Z8: 229α | AB8: 232 | AD8: 251 | AF8: 260 | AH8: 265 | AJ8: 272 | AL8: 220α | AN8: 26α | AP8: 18
D10: Γ.΄Β.΄Α.΄
D12: ΟΡΓΑΝΑ ΚΑΤΑΣΒΕΣΕΩΣ - ΔΙΑΣΩΣΕΩΣ | K12: Χ | L12: Π | M12: Χ | N12: Π | O12: Χ | P12: Π | Q12: Χ | R12: Π | S12: Χ | T12: Π | U12: Χ | V12: Π | X12: Χ | Y12: Π | Z12: Χ | AA12: Π | AB12: Χ | AC12: Π | AD12: Χ | AE12: Π | AF12: Χ | AG12: Π | AH12: Χ | AI12: Π | AJ12: Χ | AK12: Π | AL12: Χ | AM12: Π | AN12: Χ | AO12: Π | AP12: Χ | AQ12: Π
B13: Ιανουάριος | C13: 1 | D13: Υπόλοιπο από μεταφορά έτους 2023 | K13: 6 | L13: 0 | M13: 2 | N13: 0 | O13: 7 | P13: 0 | Q13: 8 | R13: 0 | S13: 2 | T13: 0 | U13: 44 | V13: 0 | X13: 2 | Y13: 0 | Z13: 2 | AA13: 0 | AB13: 3 | AC13: 0 | AD13: 1 | AE13: 0 | AF13: 2 | AG13: 0 | AH13: 64 | AI13: 0 | AJ13: 3 | AK13: 0 | AL13: 20 | AM13: 0 | AN13: 1 | AO13: 0 | AP13: 0 | AQ13: 0
A14: 1
A15: 2
A16: 3 | AJ16: 1
A17: 4
A18: 5 | AL18: 12
A19: 6

Sheet ΓΒΑ(94)
A1: ΒΙΒΛΙΟ | X1: ΥΛΙΚΟΥ ΔΙΟΙΚΗΣΗΣ Π.Υ. ΝΟΜΟΥ ΚΕΡΚΥΡΑΣ
A3: Αύξων αριθμός δικαιολογητικών | B3: 2026 | D3: Σελίδα 94 | K3: Αρπάγια Πυρκαγιάς | M3: Σετ Δακτυλίων Αντλιών (Επινώτιοι) | O3: Σκαπάνες Ορειβατικές | Q3: Κουβέρτες Πυρόσβεσης (Πολλαπλών Χρήσεωμ=ν)
D5: ΛΕΠΤΟΜΕΡΕΙΕΣ
B7: Μήνας | C7: Ημέρα
D8: Αύξων αριθμός ονομαστικού | K8: 43 | M8: 122ε | O8: 224 | Q8: 277
D10: Γ.΄Β.΄Α.΄
D12: ΟΡΓΑΝΑ ΚΑΤΑΣΒΕΣΕΩΣ - ΔΙΑΣΩΣΕΩΣ | K12: Χ | L12: Π | M12: Χ | N12: Π | O12: Χ | P12: Π | Q12: Χ | R12: Π | S12: Χ | T12: Π | U12: Χ | V12: Π | X12: Χ | Y12: Π | Z12: Χ | AA12: Π | AB12: Χ | AC12: Π | AD12: Χ | AE12: Π | AF12: Χ | AG12: Π | AH12: Χ | AI12: Π | AJ12: Χ | AK12: Π | AL12: Χ | AM12: Π | AN12: Χ | AO12: Π | AP12: Χ | AQ12: Π
D13: Υπόλοιπο από μεταφορά έτους 2023 | K13: 0 | L13: 0 | M13: 0 | N13: 0 | O13: 0 | P13: 0
A14: 1
A15: 2
A16: 3 | K16: 1
A17: 4 | M17: 4
A18: 5 | O18: 10
A19: 6 | Q19: 2

Sheet ΓΒB(96)
A1: ΒΙΒΛΙΟ | X1: ΥΛΙΚΟΥ ΔΙΟΙΚΗΣΗΣ Π.Υ. ΝΟΜΟΥ ΚΕΡΚΥΡΑΣ
A3: Αύξων αριθμός δικαιολογητικών | B3: 2026 | D3: Σελίδα 96 | K3: Ανταλακτικά ημισυνδέσμων διαφόρων διαμετρημάτων (συστολές) | M3: Ανταλακτικά (συστολές) ημισυνδέσμων 0,065 Χ 0,045 | O3: Ανταλακτικά (συστολές) υδροστομίων διάφορα | Q3: Αυλοί υψηλής πίεσης διάφοροι | S3: Προεκτάσεις αυλών τύπου πιστολιού για εκτόξευση αφρού από ΥΠ | U3: Αφρογεννήτριες | X3: Αυλοί διάφοροι με δικλείδα 0,045 | Z3: Αυλοί 0,045 ρυθμιζόμενοι με στρέψη | AB3: Αυλοί 0,045 γωνιακοί | AD3: Αυλοί τύπου πιστολιού (0,045) των Unimog | AF3: Αυλοί 0,062 ρυθμιζόμενοι με στρέψη | AH3: Αυλοί 0,062 με δικλείδα | AJ3: Αυλοί 0,025 | AL3: Αυλοί αερααφρού Χ.Π. των 45 mm | AN3: Αυλοί αεραφρού ειδικοί βαρέως τύπου | AP3: Αυλοί επί κλιμακος
D5: ΛΕΠΤΟΜΕΡΕΙΕΣ
B7: Μήνας | C7: Ημέρα
D8: Αύξων αριθμός ονομαστικού | K8: 1 | M8: 3 | O8: 6 | Q8: 9 | S8: 9α | U8: 9β | X8: 10 | Z8: 11 | AB8: 11α | AD8: 11β | AF8: 13 | AH8: 14 | AJ8: 15 | AL8: 17 | AN8: 17α | AP8: 19
D10: Γ.΄Β.΄Β.΄
D12: ΕΞΑΡΤΗΜΑΤΑ ΠΑΡΕΛΚΟΜΕΝΑ ΚΑΤΑΣΒΕΣΕΩΣ | K12: Χ | L12: Π | M12: Χ | N12: Π | O12: Χ | P12: Π | Q12: Χ | R12: Π | S12: Χ | T12: Π | U12: Χ | V12: Π | X12: Χ | Y12: Π | Z12: Χ | AA12: Π | AB12: Χ | AC12: Π | AD12: Χ | AE12: Π | AF12: Χ | AG12: Π | AH12: Χ | AI12: Π | AJ12: Χ | AK12: Π | AL12: Χ | AM12: Π | AN12: Χ | AO12: Π | AP12: Χ | AQ12: Π
B13: Ιανουάριος | C13: 1 | D13: Υπόλοιπο από μεταφορά έτους 2023 | K13: 28 | L13: 0 | M13: 61 | N13: 0 | O13: 76 | P13: 0 | Q13: 1 | R13: 0 | S13: 13 | T13: 0 | U13: 2 | V13: 0 | X13: 1 | Y13: 0 | Z13: 112 | AA13: 0 | AB13: 1 | AC13: 0 | AD13: 4 | AE13: 0 | AF13: 40 | AG13: 0 | AH13: 4 | AI13: 0 | AJ13: 5 | AK13: 0 | AL13: 53 | AM13: 0 | AN13: 4 | AO13: 0 | AP13: 1 | AQ13: 0
A14: 1 | B14: Μάιος | C14: 22 | D14: Εγγραφή με τ.α.α.1657 ΥΔΙΠΥΛ για Π.Σ.5479 (Δγη 12424 Φ.544.1/02-03-2026) | K14: 5 | Q14: 6 | AL14: 1
A15: 2 | B15: Αύγουστος | C15: 3 | D15: Εγγραφή με τ.α.α.2030 για σωλήνες (Δγη 42648/2025)

Sheet ΓΒB(98)
A1: ΒΙΒΛΙΟ | X1: ΥΛΙΚΟΥ ΔΙΟΙΚΗΣΗΣ Π.Υ. ΝΟΜΟΥ ΚΕΡΚΥΡΑΣ
A3: Αύξων αριθμός δικαιολογητικών | B3: 2026 | D3: Σελίδα 98 | K3: Αυλοί υπογείων περιστρεφό-μενοι | M3: Αναμικτήρες αφρού φορητοί | O3: Αρπάγια | Q3: Δίκρουνα 0,025 Χ 0,025 | S3: Δίκρουνα 0,062 Χ 0,045 | U3: Δίκρουνα 0,045 Χ 0,025 | X3: Δίστομα | Z3: Επίδεσμοι σωλήνων | AB3: Ημισύνδεσμοι σωλήνων αναρρόφησης 4'' | AD3: Ημισύνδεσμοι σωλήνων αναρρόφησης 0,035 - 0,038 | AF3: Ημισύνδεσμοι μυζητικών σωλήνων STORZ | AH3: Ημισύνδεσμοι διαφόρων διαμετρημάτων | AJ3: Ημισύνδεσμοι 0,025 | AL3: Ημισύνδεσμοι 0,045 | AN3: Ημισύνδεσμοι 0,062 | AP3: Κλειδιά υπογείων & υπέργειων υδροστομίων
D5: ΛΕΠΤΟΜΕΡΕΙΕΣ
B7: Μήνας | C7: Ημέρα
D8: Αύξων αριθμός ονομαστικού | K8: 21 | M8: 22 | O8: 23 | Q8: 29 | S8: 30 | U8: 32 | X8: 33 | Z8: 36 | AB8: 38 | AD8: 39 | AF8: 40 | AH8: 42 | AJ8: 43 | AL8: 45 | AN8: 47 | AP8: 53
D10: Γ.΄Β.΄Β.΄
D12: ΕΞΑΡΤΗΜΑΤΑ ΠΑΡΕΛΚΟΜΕΝΑ ΚΑΤΑΣΒΕΣΕΩΣ | K12: Χ | L12: Π | M12: Χ | N12: Π | O12: Χ | P12: Π | Q12: Χ | R12: Π | S12: Χ | T12: Π | U12: Χ | V12: Π | X12: Χ | Y12: Π | Z12: Χ | AA12: Π | AB12: Χ | AC12: Π | AD12: Χ | AE12: Π | AF12: Χ | AG12: Π | AH12: Χ | AI12: Π | AJ12: Χ | AK12: Π | AL12: Χ | AM12: Π | AN12: Χ | AO12: Π | AP12: Χ | AQ12: Π
B13: Ιανουάριος | C13: 1 | D13: Υπόλοιπο από μεταφορά έτους 2023 | K13: 15 | L13: 0 | M13: 26 | N13: 0 | O13: 28 | P13: 0 | Q13: 8 | R13: 0 | S13: 19 | T13: 0 | U13: 69 | V13: 0 | X13: 21 | Y13: 0 | Z13: 265 | AA13: 0 | AB13: 8 | AC13: 0 | AD13: 7 | AE13: 0 | AF13: 33 | AG13: 0 | AH13: 12 | AI13: 0 | AJ13: 347 | AK13: 0 | AL13: 295 | AM13: 0 | AN13: 200 | AO13: 0 | AP13: 28 | AQ13: 0
A14: 1 | K14: 1 | M14: 1 | Q14: 3 | X14: 1 | Z14: 5 | AP14: 1
A15: 2

Sheet ΓΒB(100)
A1: ΒΙΒΛΙΟ | X1: ΥΛΙΚΟΥ ΔΙΟΙΚΗΣΗΣ Π.Υ. ΝΟΜΟΥ ΚΕΡΚΥΡΑΣ
A3: Αύξων αριθμός δικαιολογητικών | B3: 2026 | D3: Σελίδα 100 | K3: Κλειδιά ημισυνδέσμων διαφόρων τύπων | M3: Κλειδιά ημισυνδέσμων υψηλής πίεσης | O3: Κλειδιά ημισυνδέσμων μυζητικών σωλήνων | Q3: Λοστοί διάφορα μεγέθη | S3: Πέλεκεις (τσεκούρια) με στυλεό | U3: Πέλεκεις ραμφωτοί | X3: Φτυάρια (τύπου κύκνου) | Z3: Τάπες ημισυνδέσμων διαφόρων μεγεθών | AB3: Ελαστικά παρεμβάσματα ημισυνδέσμων | AD3: Ράντιστρα (φίλτρα αναρρόφησης) μυζητικών σωλήνων | AF3: Ράντιστρα (φίλτρα αναρρόφησης) με δικλείδα | AH3: Ράντιστρα (φίλτρα αναρρόφησης) αντλητικών μηχανών 0,035 | AJ3: Ρυθμιστικές βαλβίδες με μανόμετρο | AL3: Σκαπάνες (με ή χωρίς στυλεό) | AN3: Σκαπάνες πεπλατισμένες (τσαπί) χωρίς στυλεό | AP3: Στυλεοί Φτυαριών
D5: ΛΕΠΤΟΜΕΡΕΙΕΣ
B7: Μήνας | C7: Ημέρα
D8: Αύξων αριθμός ονομαστικού | K8: 54 | M8: 55 | O8: 57 | Q8: 68 | S8: 73 | U8: 74 | X8: 75 | Z8: 76 | AB8: 80 | AD8: 85 | AF8: 87 | AH8: 88 | AJ8: 89 | AL8: 90 | AN8: 91 | AP8: 93
D10: Γ.΄Β.΄Β.΄
D12: ΕΞΑΡΤΗΜΑΤΑ ΠΑΡΕΛΚΟΜΕΝΑ ΚΑΤΑΣΒΕΣΕΩΣ | K12: Χ | L12: Π | M12: Χ | N12: Π | O12: Χ | P12: Π | Q12: Χ | R12: Π | S12: Χ | T12: Π | U12: Χ | V12: Π | X12: Χ | Y12: Π | Z12: Χ | AA12: Π | AB12: Χ | AC12: Π | AD12: Χ | AE12: Π | AF12: Χ | AG12: Π | AH12: Χ | AI12: Π | AJ12: Χ | AK12: Π | AL12: Χ | AM12: Π | AN12: Χ | AO12: Π | AP12: Χ | AQ12: Π
B13: Ιανουάριος | C13: 1 | D13: Υπόλοιπο από μεταφορά έτους 2023 | K13: 136 | L13: 0 | M13: 4 | N13: 0 | O13: 43 | P13: 0 | Q13: 50 | R13: 0 | S13: 51 | T13: 0 | U13: 5 | V13: 0 | X13: 65 | Y13: 0 | Z13: 10 | AA13: 0 | AB13: 89 | AC13: 0 | AD13: 49 | AE13: 0 | AF13: 2 | AG13: 0 | AH13: 14 | AI13: 0 | AJ13: 2 | AK13: 0 | AL13: 34 | AM13: 0 | AN13: 20 | AO13: 0 | AP13: 10 | AQ13: 0
A14: 1 | K14: 6 | Q14: 2 | S14: 1 | X14: 1
A15: 2

Sheet ΓΒB(102)
A1: ΒΙΒΛΙΟ | X1: ΥΛΙΚΟΥ ΔΙΟΙΚΗΣΗΣ Π.Υ. ΝΟΜΟΥ ΚΕΡΚΥΡΑΣ
A3: Αύξων αριθμός δικαιολογητικών | B3: 2026 | D3: Σελίδα 102 | K3: Φτυάρια τύπου κύκνου με στυλεό | M3: Στυλεοί σκαπανών | O3: Τσάπες με στυλεό ή αξίνες | Q3: Σωλήνες μυζητικοί 1.60μ. με ή χωρίς ημισυνδέσμους | S3: Σωλήνες μυζητικοί 65mm | U3: Σωλήνες μιζυτικοί 2.50μ. χωρίς ημισυνδέσμους | X3: Μυζητικοί σωλήνες 110mm | Z3: Σωλήνας Υ.Π. εύκαμπτο Φ25 & Φ10 λάστιχο σε μέτρα | AB3: Σωλήνες 0,045 άνευ ημισυνδέσμους σε μέτρα | AD3: Σωλήνες Χ.Π. των 0,045 σε τεμάχια | AF3: Σωλήνες 0,062 άνευ ημισυνδέσμους σε μέτρα | AH3: Σωλήνες Χ.Π. των 0,062 σε τεμάχια | AJ3: Φίλτρα Αναρόφησης | AL3: Σωλήνας ελαστικός γενικής χρήσης | AN3: Σωλήνες πλαστικοί γενικής χρήσης | AP3: Σωλήνες υψηλής πιέσεως ελαστικοί 3/8''
D5: ΛΕΠΤΟΜΕΡΕΙΕΣ
B7: Μήνας | C7: Ημέρα
D8: Αύξων αριθμός ονομαστικού | K8: 93α | M8: 94 | O8: 94α | Q8: 98 | S8: 99 | U8: 100 | X8: 101 | Z8: 102 | AB8: 103 | AD8: 103β | AF8: 105 | AH8: 105β | AJ8: 110α | AL8: 115 | AN8: 116 | AP8: 117
D10: Γ.΄Β.΄Β.΄
D12: ΕΞΑΡΤΗΜΑΤΑ ΠΑΡΕΛΚΟΜΕΝΑ ΚΑΤΑΣΒΕΣΕΩΣ | K12: Χ | L12: Π | M12: Χ | N12: Π | O12: Χ | P12: Π | Q12: Χ | R12: Π | S12: Χ | T12: Π | U12: Χ | V12: Π | X12: Χ | Y12: Π | Z12: Χ | AA12: Π | AB12: Χ | AC12: Π | AD12: Χ | AE12: Π | AF12: Χ | AG12: Π | AH12: Χ | AI12: Π | AJ12: Χ | AK12: Π | AL12: Χ | AM12: Π | AN12: Χ | AO12: Π | AP12: Χ | AQ12: Π
B13: Ιανουάριος | C13: 1 | D13: Υπόλοιπο από μεταφορά έτους 2023 | K13: 31 | L13: 0 | M13: 15 | N13: 0 | O13: 9 | P13: 0 | Q13: 107 | R13: 0 | S13: 44 | T13: 0 | U13: 72 | V13: 0 | X13: 14 | Y13: 0 | Z13: 260 | AA13: 0 | AB13: 0 | AC13: 0 | AD13: 131 | AE13: 0 | AF13: 0 | AG13: 0 | AH13: 161 | AI13: 0 | AJ13: 5 | AK13: 0 | AL13: 1 | AM13: 0 | AN13: 2 | AO13: 0 | AP13: 5 | AQ13: 0
A14: 1 | AD14: 8 | AH14: 4 | AJ14: 1
A15: 2

Sheet ΓΒB(104)
A1: ΒΙΒΛΙΟ | X1: ΥΛΙΚΟΥ ΔΙΟΙΚΗΣΗΣ Π.Υ. ΝΟΜΟΥ ΚΕΡΚΥΡΑΣ
A3: Αύξων αριθμός δικαιολογητικών | B3: 2026 | D3: Σελίδα 104 | K3: Σωλήνες πλαστικοί αναρροφήσεως των 0,062 ΜΜ | M3: Σωλήνες πλαστικοί αναρροφησης αφρού | O3: Τρίκρουνα Διαφόρων Διαμετρημάτων | Q3: Τυλικτήρες τύλιξης σωλήνα Υψ.πίεσης | S3: Υγρό παρασκ.χημικού αεραφρού Υψ.διόγκωσης (σε kgr) | U3: Υγρό παρασκευής αεραφρού A.F.F.F σε Kgr | X3: Αφρός Δασοπυρόσβεσης οχημάτων IVECO(4Χ4) σε λίτρα | Z3: Φακοί χειρός με επαναφόρτιση επί οχήματος | AB3: Φακοί χειρός με επαναφόρτιση επί οχήματος αντιεκρηκτικοί | AD3: Φανοί Θυέλης καθαρού πετρελαίου | AF3: Φακοί χειρός με επαναφόρτιση μέσω αντάπτορα διάφοροι | AH3: Φακός Προειδοποίησης (Π.Σ.3168) | AJ3: Σωλήνες πλήρωσης σε τεμάχια | AL3: Τσουγκράνες (μετά στυλεών) | AN3: Σετ ελατηρίων αυλών κλίμακας | AP3: Σωλήνας ενισχυμένος παροχής καυσίμου 32μμ σε μέτρα
D5: ΛΕΠΤΟΜΕΡΕΙΕΣ
B7: Μήνας | C7: Ημέρα
D8: Αύξων αριθμός ονομαστικού | K8: 119α | M8: 119β | O8: 120 | Q8: 121 | S8: 123α | U8: 123β | X8: 123γ | Z8: 125α | AB8: 125γ | AD8: 126 | AF8: 127 | AH8: 128α | AJ8: 137 | AL8: 140 | AN8: 149 | AP8: 154
D10: Γ.΄Β.΄Β.΄
D12: ΕΞΑΡΤΗΜΑΤΑ ΠΑΡΕΛΚΟΜΕΝΑ ΚΑΤΑΣΒΕΣΕΩΣ | K12: Χ | L12: Π | M12: Χ | N12: Π | O12: Χ | P12: Π | Q12: Χ | R12: Π | S12: Χ | T12: Π | U12: Χ | V12: Π | X12: Χ | Y12: Π | Z12: Χ | AA12: Π | AB12: Χ | AC12: Π | AD12: Χ | AE12: Π | AF12: Χ | AG12: Π | AH12: Χ | AI12: Π | AJ12: Χ | AK12: Π | AL12: Χ | AM12: Π | AN12: Χ | AO12: Π | AP12: Χ | AQ12: Π
B13: Ιανουάριος | C13: 1 | D13: Υπόλοιπο από μεταφορά έτους 2023 | K13: 4 | L13: 0 | M13: 13 | N13: 0 | O13: 9 | P13: 0 | Q13: 2 | R13: 0 | S13: 3255 | T13: 0 | U13: 4256 | V13: 0 | X13: 3800 | Y13: 0 | Z13: 61 | AA13: 0 | AB13: 47 | AC13: 0 | AD13: 1 | AE13: 0 | AF13: 11 | AG13: 0 | AH13: 1 | AI13: 0 | AJ13: 8 | AK13: 0 | AL13: 16 | AM13: 0 | AN13: 1 | AO13: 0 | AP13: 15 | AQ13: 0
A14: 1 | AB14: 2
A15: 2

Sheet ΓΒB(106)
A1: ΒΙΒΛΙΟ | X1: ΥΛΙΚΟΥ ΔΙΟΙΚΗΣΗΣ Π.Υ. ΝΟΜΟΥ ΚΕΡΚΥΡΑΣ
A3: Αύξων αριθμός δικαιολογητικών | B3: 2026 | D3: Σελίδα 106 | K3: Σωλήνες κανάβινοι των 0,025 σε μέτρα | M3: Σωλήνες Χ.Π. των 0,025 σε τεμάχια | O3: Αυλοί 0,025 ρυθμιζόμενοι | Q3: Ανταλακτικά (συστολές) ημισυνδέσμων 0,045 Χ 0,025 | S3: Κασάρια | U3: Αυλοί τύπου πιστολιού Υ.Π. νέου τύπου των 0,038 | X3: Κασσέτες σωλήνων πλατφόρμας πυρ/σης ερπιστριοφόρου | Z3: Αυλοί Υδάτινης Κουρτίνας | AB3: Αυλοί Εδάφους | AD3: Προστατευτικά σωλήνων | AF3: Ανταλακτικά (συστολές) ημισυνδέσμων 0,125 Χ 0,110 | AH3: Μυζητικός σωλήνας 125mm μήκους 9 μέτρα (6 Χ 1,5μ) | AJ3: Φορητά συστ. μεταφοράς σωλήνων πεζοπόρων τμημάτων | AL3: Εργαλεία Σκαπάνη/ Τσεκουρι | AN3: Αφρός πολλαπλών χρήσεων (lt) | AP3: Σφιχτύρας σωληνών
D5: ΛΕΠΤΟΜΕΡΕΙΕΣ
B7: Μήνας | C7: Ημέρα
D8: Αύξων αριθμός ονομαστικού | K8: 160 | M8: 160β | O8: 161 | Q8: 162 | S8: 166 | U8: 170 | X8: 172 | Z8: 175 | AB8: 176 | AD8: 177 | AF8: 178 | AH8: 179 | AJ8: 180 | AL8: 182 | AN8: 183α | AP8: 184
D10: Γ.΄Β.΄Β.΄
D12: ΕΞΑΡΤΗΜΑΤΑ ΠΑΡΕΛΚΟΜΕΝΑ ΚΑΤΑΣΒΕΣΕΩΣ | K12: Χ | L12: Π | M12: Χ | N12: Π | O12: Χ | P12: Π | Q12: Χ | R12: Π | S12: Χ | T12: Π | U12: Χ | V12: Π | X12: Χ | Y12: Π | Z12: Χ | AA12: Π | AB12: Χ | AC12: Π | AD12: Χ | AE12: Π | AF12: Χ | AG12: Π | AH12: Χ | AI12: Π | AJ12: Χ | AK12: Π | AL12: Χ | AM12: Π | AN12: Χ | AO12: Π | AP12: Χ | AQ12: Π
B13: Ιανουάριος | C13: 1 | D13: Υπόλοιπο από μεταφορά έτους 2023 | K13: 0 | L13: 0 | M13: 677 | N13: 0 | O13: 85 | P13: 0 | Q13: 85 | R13: 0 | S13: 25 | T13: 0 | U13: 2 | V13: 0 | X13: 3 | Y13: 0 | Z13: 2 | AA13: 0 | AB13: 4 | AC13: 0 | AD13: 18 | AE13: 0 | AF13: 1 | AG13: 0 | AH13: 1 | AI13: 0 | AJ13: 19 | AK13: 0 | AL13: 12 | AM13: 0 | AN13: 4000 | AO13: 0 | AP13: 4 | AQ13: 0
A14: 1 | M14: 5 | AL14: 1 | AP14: 1
A15: 2 | M15: 25

Sheet ΓΒB(108)
A1: ΒΙΒΛΙΟ | X1: ΥΛΙΚΟΥ ΔΙΟΙΚΗΣΗΣ Π.Υ. ΝΟΜΟΥ ΚΕΡΚΥΡΑΣ
A3: Αύξων αριθμός δικαιολογητικών | B3: 2026 | D3: Σελίδα 108 | K3: Συστολές 110/65 | M3: Σωλήνες Αναρρόφηση 65mm | O3: Πρυοσκάπανα | Q3: Σωλήνες Πλαστικοί Μυζητικοί(μέτρα)
D5: ΛΕΠΤΟΜΕΡΕΙΕΣ
B7: Μήνας | C7: Ημέρα
D8: Αύξων αριθμός ονομαστικού | K8: 185 | M8: 132 | O8: 90α | Q8: 116α
D10: Γ.΄Β.΄Β.΄
D12: ΕΞΑΡΤΗΜΑΤΑ ΠΑΡΕΛΚΟΜΕΝΑ ΚΑΤΑΣΒΕΣΕΩΣ | K12: Χ | L12: Π | M12: Χ | N12: Π | O12: Χ | P12: Π | Q12: Χ | R12: Π | S12: Χ | T12: Π | U12: Χ | V12: Π | X12: Χ | Y12: Π | Z12: Χ | AA12: Π | AB12: Χ | AC12: Π | AD12: Χ | AE12: Π | AF12: Χ | AG12: Π | AH12: Χ | AI12: Π | AJ12: Χ | AK12: Π | AL12: Χ | AM12: Π | AN12: Χ | AO12: Π | AP12: Χ | AQ12: Π
B13: Ιανουάριος | C13: 1 | D13: Υπόλοιπο από μεταφορά έτους 2023 | K13: 2 | L13: 0 | M13: 3 | N13: 0
A14: 1 | O14: 1 | Q14: 2
A15: 2

Sheet ΓΓB(110)
A1: ΒΙΒΛΙΟ | X1: ΥΛΙΚΟΥ ΔΙΟΙΚΗΣΗΣ Π.Υ. ΝΟΜΟΥ ΚΕΡΚΥΡΑΣ
A3: Αύξων αριθμός δικαιολογητικών | B3: 2026 | D3: Σελίδα 110 | K3: Ελαστικά 900 Χ 20 | M3: Ελαστικά 185 Χ R14 | O3: Αεροθάλαμοι 275X80XR20 (10,5 Χ 20) | Q3: Ελαστικά 275X80X20 ( 10,5 Χ 20) | S3: Ελαστικά 155 Χ 13 | U3: Αεροθάλαμοι 1200 X 20 | X3: Ελαστικά 1200 Χ 20 | Z3: Αεροθάλαμοι 700 X 16 | AB3: Ελαστικά 700 Χ 16 | AD3: Ελαστικά 10 Χ R 22,5 | AF3: Ελαστικά 11 Χ R 22,5 | AH3: Ελαστικά 195 Χ 65 R15 (ΠΣ 2960) | AJ3: Ελαστικά 235 Χ 75 R15 | AL3: Ελαστικά 205 / 75 Χ R15 και 205 / 60 Χ R15 | AN3: Ελαστικά 205/ 55R 16 & 80 Χ R16 (ΠΣ2459, ΠΣ4172, 4354) | AP3: Ελαστικά 13 X 22,5
D5: ΛΕΠΤΟΜΕΡΕΙΕΣ
B7: Μήνας | C7: Ημέρα
D8: Αύξων αριθμός ονομαστικού | K8: 4α | M8: 41α | O8: 42 | Q8: 42α | S8: 46α | U8: 47 | X8: 47α | Z8: 58 | AB8: 58α | AD8: 66α | AF8: 69α | AH8: 73α | AJ8: 75α | AL8: 76α | AN8: 85α | AP8: 86α
D10: Γ.΄Γ.΄Β.΄
D12: ΕΛΑΣΤΙΚΑ ΕΠΙΣΩΤΡΑ - ΑΕΡΟΘΑΛΑΜΟΙ | K12: Χ | L12: Π | M12: Χ | N12: Π | O12: Χ | P12: Π | Q12: Χ | R12: Π | S12: Χ | T12: Π | U12: Χ | V12: Π | X12: Χ | Y12: Π | Z12: Χ | AA12: Π | AB12: Χ | AC12: Π | AD12: Χ | AE12: Π | AF12: Χ | AG12: Π | AH12: Χ | AI12: Π | AJ12: Χ | AK12: Π | AL12: Χ | AM12: Π | AN12: Χ | AO12: Π | AP12: Χ | AQ12: Π
B13: Ιανουάριος | C13: 1 | D13: Υπόλοιπο από μεταφορά έτους 2023 | K13: 0 | L13: 0 | M13: 0 | N13: 0 | O13: 0 | P13: 0 | Q13: 0 | R13: 0 | S13: 0 | T13: 0 | U13: 0 | V13: 0 | X13: 0 | Y13: 0 | Z13: 0 | AA13: 0 | AB13: 0 | AC13: 0 | AD13: 0 | AE13: 0 | AF13: 2 | AG13: 0 | AH13: 8 | AI13: 0 | AJ13: 4 | AK13: 0 | AL13: 0 | AM13: 0 | AN13: 4 | AO13: 0 | AP13: 4 | AQ13: 0
A14: 1 | B14: Ιούνιος | C14: 29 | D14: Εγγραφή με τ.α.α.30 για αγορά ειδών από το εμπόριο Αποφ.Ανάλ.Υποχρ.10084/08-06-2026)
A15: 2 | B15: Αύγουστος | C15: 3 | D15: Εγγραφή με τ.α.α.1969 ΥΔΙΠΥΛ για Ελαστικά οχημάτων (Δγες 65817/2025 και 47208/2025)

Sheet ΓΓB(112)
A1: ΒΙΒΛΙΟ | X1: ΥΛΙΚΟΥ ΔΙΟΙΚΗΣΗΣ Π.Υ. ΝΟΜΟΥ ΚΕΡΚΥΡΑΣ
A3: Αύξων αριθμός δικαιολογητικών | B3: 2026 | D3: Σελίδα 112 | K3: Ελαστικά 225 Χ 75 R16 | M3: Ελαστικά 90-90 R21 (μοτοσυκλέτας) Εμπρόσθιο | O3: Ελαστικά 235/70 Χ R16 (Π.Σ. 3564-5) (ΠΣ 2317) | Q3: Ελαστικά 365 Χ 85 R20 (ΠΣ 3412) | S3: Ελαστικά 215 Χ 75 R15 | U3: Ελαστικά 315 Χ 80 R22,5 | X3: Ελαστικά 235 Χ 85 R16 | Z3: Ελαστικά 365 Χ 80 R20 | AB3: Ελαστικά 205 Χ 14 | AD3: Ελαστικά 275 Χ 80 R20 | AF3: Ελαστικά 205 Χ 75 R 17,5 (ΠΣ 3168) | AH3: Ελαστικά 120 - 90 R17 (μοτοσυκλέτας) Οπίσθιος | AJ3: Ελαστικά 225/70 Χ R15 | AL3: Ελαστικά 215 Χ 75 R16 (ΠΣ 2815) | AN3: Ελαστικά 395 Χ 85 R20 | AP3: Ελαστικά 120/80-18
D5: ΛΕΠΤΟΜΕΡΕΙΕΣ
B7: Μήνας | C7: Ημέρα
D8: Αύξων αριθμός ονομαστικού | K8: 87α | M8: 124α | O8: 126α | Q8: 127α | S8: 129α | U8: 133α | X8: 134α | Z8: 135α | AB8: 141α | AD8: 145α | AF8: 146α | AH8: 148α | AJ8: 149α | AL8: 156α | AN8: 168α | AP8: 170α
D10: Γ.΄Γ.΄Β.΄
D12: ΕΛΑΣΤΙΚΑ ΕΠΙΣΩΤΡΑ - ΑΕΡΟΘΑΛΑΜΟΙ | K12: Χ | L12: Π | M12: Χ | N12: Π | O12: Χ | P12: Π | Q12: Χ | R12: Π | S12: Χ | T12: Π | U12: Χ | V12: Π | X12: Χ | Y12: Π | Z12: Χ | AA12: Π | AB12: Χ | AC12: Π | AD12: Χ | AE12: Π | AF12: Χ | AG12: Π | AH12: Χ | AI12: Π | AJ12: Χ | AK12: Π | AL12: Χ | AM12: Π | AN12: Χ | AO12: Π | AP12: Χ | AQ12: Π
B13: Ιανουάριος | C13: 1 | D13: Υπόλοιπο από μεταφορά έτους 2023 | K13: 4 | L13: 0 | M13: 0 | N13: 0 | O13: 12 | P13: 0 | Q13: 4 | R13: 0 | S13: 0 | T13: 0 | U13: 0 | V13: 0 | X13: 0 | Y13: 0 | Z13: 8 | AA13: 0 | AB13: 0 | AC13: 0 | AD13: 7 | AE13: 0 | AF13: 4 | AG13: 0 | AH13: 0 | AI13: 0 | AJ13: 4 | AK13: 0 | AL13: 12 | AM13: 0 | AN13: 0 | AO13: 0 | AP13: 0 | AQ13: 0
A14: 1 | U14: 10 | AN14: 4
A15: 2 | AN15: 6

Sheet ΓΓB(114)
A1: ΒΙΒΛΙΟ | X1: ΥΛΙΚΟΥ ΔΙΟΙΚΗΣΗΣ Π.Υ. ΝΟΜΟΥ ΚΕΡΚΥΡΑΣ
A3: Αύξων αριθμός δικαιολογητικών | B3: 2026 | D3: Σελίδα 114 | K3: Ελαστικά 185 Χ 65 R14 | M3: Ελαστικά 215 Χ 75 R16 (Π.Σ. 2815) | O3: Ελαστικά 245/70 Χ R17.5 | Q3: Ελαστικά 265/70 Χ R16 | S3: Ελαστικά 205/80 Χ R16 | U3: Ειδικά Ελαστικά 25Χ12,5-9 | X3: Ειδικά Ελαστικά 22,5Χ10,0-8 | Z3: Ελαστικά 195/70 R15 | AB3: Ελαστικά 11 R22,5 | AD3: Ελαστικά 195/65/15 | AF3: Ελαστικά 245/70/16 | AH3: Ελαστικά 225 Ρ17 (γενικά)
D5: ΛΕΠΤΟΜΕΡΕΙΕΣ
B7: Μήνας | C7: Ημέρα
D8: Αύξων αριθμός ονομαστικού | K8: 177α | M8: 181α | O8: 183α | Q8: 186α | S8: 187α | U8: 193α | X8: 194α | Z8: 179α | AB8: 38α | AD8: 178α | AF8: 200α | AH8: 195α
D10: Γ.΄Γ.΄Β.΄
D12: ΕΛΑΣΤΙΚΑ ΕΠΙΣΩΤΡΑ - ΑΕΡΟΘΑΛΑΜΟΙ | K12: Χ | L12: Π | M12: Χ | N12: Π | O12: Χ | P12: Π | Q12: Χ | R12: Π | S12: Χ | T12: Π | U12: Χ | V12: Π | X12: Χ | Y12: Π | Z12: Χ | AA12: Π | AB12: Χ | AC12: Π | AD12: Χ | AE12: Π | AF12: Χ | AG12: Π | AH12: Χ | AI12: Π | AJ12: Χ | AK12: Π | AL12: Χ | AM12: Π | AN12: Χ | AO12: Π | AP12: Χ | AQ12: Π
B13: Ιανουάριος | C13: 1 | D13: Υπόλοιπο από μεταφορά έτους 2023 | K13: 0 | L13: 0 | M13: 0 | N13: 0 | O13: 2 | P13: 0 | Q13: 4 | R13: 0 | S13: 12 | T13: 0 | U13: 0 | V13: 0 | X13: 0 | Y13: 0 | Z13: 12 | AA13: 0 | AB13: 4 | AC13: 0 | AD13: 4 | AE13: 0 | AF13: 4 | AG13: 0 | AH13: 0 | AI13: 0
A14: 1
A15: 2 | AH15: 4

Sheet ΓΓΓ(116)
A1: ΒΙΒΛΙΟ | X1: ΥΛΙΚΟΥ ΔΙΟΙΚΗΣΗΣ Π.Υ. ΝΟΜΟΥ ΚΕΡΚΥΡΑΣ
A3: Αύξων αριθμός δικαιολογητικών | B3: 2026 | D3: Σελίδα 116 | K3: Καλώδια φορτίσεως συσσωρευτών | M3: Προβολείς περιστρε-φόμενοι οχημάτων | O3: Προβολείς χειρός φορητοί επαναφορτι-ζόμενοι 1.000.000 κερία | Q3: οχρ | S3: Κινητοί προβολείς | U3: Ιστός προβολέα φωτισμού | X3: Φανοί Οχημάτων Διάφοροι Διαφόρων Χρήσεων Οχημάτων | Z3: Ηχείο Σειρήνας | AB3: Συσσωρευτές Οχημάτων-Μηχανημάτων Γενικά | AD3: Ανταλλακτικά Δυναμό | AF3: Αναφλεκτήρες Ηλεκτρικοί (Μπουζί) | AH3: Ηλεκτρονική Ανάφλεξη | AJ3: Πλαφονιέρες | AL3: Ρελέ Οχημάτων Ηλεκτρικά | AN3: Λαμπτήρες Ηλεκτρικοί Οχημάτων Γενικά | AP3: Διακόπτες Γενικά Ταμπλό
D5: ΛΕΠΤΟΜΕΡΕΙΕΣ
B7: Μήνας | C7: Ημέρα
D8: Αύξων αριθμός ονομαστικού | K8: 36α | M8: 72 | O8: 74 | Q8: 106 | S8: 117 | U8: 178 | X8: 111 | Z8: 82α | AB8: 196 | AD8: 168 | AF8: 3 | AH8: 69α | AJ8: 58 | AL8: 153 | AN8: 52 | AP8: 19
D10: Γ.΄Γ.΄Γ.΄
D12: ΣΥΣΣΩΡΕΥΤΕΣ - ΗΛΕΚΤΡΙΚΟΣ ΕΞΟΠΛΙΣΜΟΣ ΟΧΗΜΑΤΩΝ | K12: Χ | L12: Π | M12: Χ | N12: Π | O12: Χ | P12: Π | Q12: Χ | R12: Π | S12: Χ | T12: Π | U12: Χ | V12: Π | X12: Χ | Y12: Π | Z12: Χ | AA12: Π | AB12: Χ | AC12: Π | AD12: Χ | AE12: Π | AF12: Χ | AG12: Π | AH12: Χ | AI12: Π | AJ12: Χ | AK12: Π | AL12: Χ | AM12: Π | AN12: Χ | AO12: Π | AP12: Χ | AQ12: Π
B13: Ιανουάριος | C13: 1 | D13: Υπόλοιπο από μεταφορά έτους 2023 | K13: 7 | L13: 0 | M13: 3 | N13: 0 | O13: 2 | P13: 0 | Q13: 8 | R13: 0 | S13: 2 | T13: 0 | U13: 2 | V13: 0 | X13: 14 | Y13: 0 | Z13: 3 | AA13: 0 | AB13: 9 | AC13: 0 | AD13: 2 | AE13: 0 | AF13: 2 | AG13: 0 | AH13: 1 | AI13: 0 | AJ13: 2 | AK13: 0 | AL13: 1 | AM13: 0 | AN13: 1 | AO13: 0 | AP13: 1 | AQ13: 0
A14: 1 | B14: Φεβρουάριος | C14: 6 | D14: Εγγραφή με τ.α.α.5/2026 για αγορά αντ/κών από το εμπόριο (Απ.Ανάθ.523 Φ.511/05-02-2026) | Z14: 1
A15: 2 | B15: Φεβρουάριος | C15: 6 | D15: Εγγραφή με τ.α.α.7/2026 για αγορά αντ/κών από το εμπόριο (Απ.Ανάθ.523 Φ.511/05-02-2026) | AB15: 2 | AL15: 1 | AN15: 1
A16: 3 | B16: Μάιος | C16: 25 | D16: Εγγραφή με τ.α.α.14/2026 για αγορά αντ/κών από το εμπόριο (Απ.Αν.Υποχρ.8282 /14-05-2026) | AB16: 2
A17: 4 | B17: Μάιος | C17: 26 | D17: Εγγραφή με τ.α.α.17/2026 για αγορά αντ/κών από το εμπόριο (Απ.Αν.Υποχρ.8409 /15-05-2026) | X17: 2
A18: 5 | B18: Μάιος | C18: 28 | D18: Εγγραφή με τ.α.α.21 για αγορά αντ/κών από το εμπόριο (Απ.Αν.Υποχρ.8409 /15-05-2026) | AB18: 2 | AN18: 1
A19: 6 | B19: Αύγουστος | C19: 1 | D19: Εγγραφή με τ.α.α.44 για αγορά αντ/κών από το εμπόριο (Απ.Αν.Υποχρ.13759/21-07-2026) | AB19: 2

Sheet ΓΓΓ(118)
A1: ΒΙΒΛΙΟ | X1: ΥΛΙΚΟΥ ΔΙΟΙΚΗΣΗΣ Π.Υ. ΝΟΜΟΥ ΚΕΡΚΥΡΑΣ
A3: Αύξων αριθμός δικαιολογητικών | B3: 2026 | D3: Σελίδα 118 | K3: Φάρος Μαγνητικός με Βάση | M3: Ρευματοδότες - Πρίζες | O3: Καλλύματα Διάφορα Φανών Οχημάτων | Q3: Ασφαλλοκιβώτια Γενικά (ABS) | S3: Σειρήνες Οχημάτων | U3: Ενισχυτές Σειρήνων | X3: Συμπυκνωτές Οχημάτων Γενικά | Z3: Μαγνητικές Συσκευές | AB3: Δαιακόπτες Θερμοστατικοί | AD3: Αυτόματοι Ηλεκτρικοί | AF3: Δίσκοι Εκκινητήρων Μίζας | AH3: Καλώδια Οχημάτων | AJ3: Κλιματιστικό Μηχάνημα A/C
D5: ΛΕΠΤΟΜΕΡΕΙΕΣ
B7: Μήνας | C7: Ημέρα
D8: Αύξων αριθμός ονομαστικού | K8: 181 | M8: 80 | O8: 34 | Q8: 6 | S8: 82 | U8: 28 | X8: 95 | Z8: 122 | AB8: 21 | AD8: 14 | AF8: 25 | AH8: 36 | AJ8: 169
D10: Γ.΄Γ.΄Γ.΄
D12: ΣΥΣΣΩΡΕΥΤΕΣ - ΗΛΕΚΤΡΙΚΟΣ ΕΞΟΠΛΙΣΜΟΣ ΟΧΗΜΑΤΩΝ | K12: Χ | L12: Π | M12: Χ | N12: Π | O12: Χ | P12: Π | Q12: Χ | R12: Π | S12: Χ | T12: Π | U12: Χ | V12: Π | X12: Χ | Y12: Π | Z12: Χ | AA12: Π | AB12: Χ | AC12: Π | AD12: Χ | AE12: Π | AF12: Χ | AG12: Π | AH12: Χ | AI12: Π | AJ12: Χ | AK12: Π | AL12: Χ | AM12: Π | AN12: Χ | AO12: Π | AP12: Χ | AQ12: Π
D13: Υπόλοιπο από μεταφορά έτους 2023 | K13: 6 | L13: 0 | M13: 0 | N13: 0 | O13: 0 | P13: 0 | Q13: 0 | R13: 0 | S13: 0 | T13: 0 | U13: 0 | V13: 0 | X13: 0 | Y13: 0 | Z13: 0 | AA13: 0 | AB13: 0 | AC13: 0 | AD13: 0 | AE13: 0 | AF13: 0 | AG13: 0 | AH13: 0 | AI13: 0
A14: 1 | S14: 1
A15: 2 | AH15: 8
A16: 3
A17: 4
A18: 5
A19: 6 | O19: 1 | Q19: 1 | X19: 7 | AD19: 3 | AF19: 1 | AJ19: 2

Sheet ΓΓΓ(120)
A1: ΒΙΒΛΙΟ | X1: ΥΛΙΚΟΥ ΔΙΟΙΚΗΣΗΣ Π.Υ. ΝΟΜΟΥ ΚΕΡΚΥΡΑΣ
A3: Αύξων αριθμός δικαιολογητικών | B3: 2026 | D3: Σελίδα 120
D5: ΛΕΠΤΟΜΕΡΕΙΕΣ
B7: Μήνας | C7: Ημέρα
D8: Αύξων αριθμός ονομαστικού
D10: Γ.΄Γ.΄Γ.΄
D12: ΣΥΣΣΩΡΕΥΤΕΣ - ΗΛΕΚΤΡΙΚΟΣ ΕΞΟΠΛΙΣΜΟΣ ΟΧΗΜΑΤΩΝ | K12: Χ | L12: Π | M12: Χ | N12: Π | O12: Χ | P12: Π | Q12: Χ | R12: Π | S12: Χ | T12: Π | U12: Χ | V12: Π | X12: Χ | Y12: Π | Z12: Χ | AA12: Π | AB12: Χ | AC12: Π | AD12: Χ | AE12: Π | AF12: Χ | AG12: Π | AH12: Χ | AI12: Π | AJ12: Χ | AK12: Π | AL12: Χ | AM12: Π | AN12: Χ | AO12: Π | AP12: Χ | AQ12: Π
D13: Υπόλοιπο από μεταφορά έτους 2023

Sheet ΓΔΑ(122)
A1: ΒΙΒΛΙΟ | X1: ΥΛΙΚΟΥ ΔΙΟΙΚΗΣΗΣ Π.Υ. ΝΟΜΟΥ ΚΕΡΚΥΡΑΣ
A3: Αύξων αριθμός δικαιολογητικών | B3: 2026 | D3: Σελίδα 122 | K3: Διόπτρες (κυάλια) διαφόρων τύπων | M3: Σωσίβια Διάσωσης τύπου τζάκετ | O3: Κλείδες TORX σε σειρές
D5: ΛΕΠΤΟΜΕΡΕΙΕΣ
B7: Μήνας | C7: Ημέρα
D8: Αύξων αριθμός ονομαστικού | K8: 31 | M8: 126 | O8: 350
D10: Γ.΄Δ.΄Α.΄
D12: ΠΛΩΤΑ ΜΕΣΑ ΚΑΙ ΕΙΔΗ | K12: Χ | L12: Π | M12: Χ | N12: Π | O12: Χ | P12: Π | Q12: Χ | R12: Π | S12: Χ | T12: Π | U12: Χ | V12: Π | X12: Χ | Y12: Π | Z12: Χ | AA12: Π | AB12: Χ | AC12: Π | AD12: Χ | AE12: Π | AF12: Χ | AG12: Π | AH12: Χ | AI12: Π | AJ12: Χ | AK12: Π | AL12: Χ | AM12: Π | AN12: Χ | AO12: Π | AP12: Χ | AQ12: Π
B13: Ιανουάριος | C13: 1 | D13: Υπόλοιπο από μεταφορά έτους 2023 | K13: 7 | L13: 0 | M13: 3 | N13: 0 | O13: 1 | P13: 0

Sheet ΓΔΒ(124)
A1: ΒΙΒΛΙΟ | X1: ΥΛΙΚΟΥ ΔΙΟΙΚΗΣΗΣ Π.Υ. ΝΟΜΟΥ ΚΕΡΚΥΡΑΣ
A3: Αύξων αριθμός δικαιολογητικών | B3: 2026 | D3: Σελίδα 124 | K3: Αντλίες ηλεκτοκίνητες πληρώσεως μεγάλης ιπποδύναμης Α/Φ | M3: Αντλία καυσίμου ηλεκτοκίνητη εφοδιασμού οχημάτων και μετάγγισης | O3: Βιβλία με οδηγίες κινητήρων αντλιών | Q3: Φίλτρα συρμάτινα | S3: Αντλίες ηλεκτροκίνητες φορητές EMU-FLYGT | U3: Αντλίες ηλεκτροκίνητες φορητές HYDROPOMPE | X3: Φορητή αντλία Mitsubishi (Π.Κ. Παξών) | Z3: Αντλία πυρόσβεσης ερπυστριοφόρου BMW | AB3: Αντλία ηλεκτοκίνητη φορητή μετάγκισης αφρού | AD3: Αντλίες ηλ/κινητες φορητές εμβαπτιζόμενες (κτιρίων) | AF3: Βενζινοκίνητες φορητές αντλίες ROZENBAUER με κινητήρα Honda | AH3: Αντλία πυρ/κού συγκροτήματος DAKOTA βενζινοκίνητη | AJ3: Αντλίες βενζινοκίνητες φορητές με κινητήρα HONDA | AL3: Αντλιτικό βενζ/το φορητό συγκρότημα OTTER | AN3: Ηλεκτοκίνητη φορητή αντλία ακαθάρτων υδάτων (0χημάτων IVECO) | AP3: Συλλογές εργαλείων αντλιών ROZENBAUER
D5: ΛΕΠΤΟΜΕΡΕΙΕΣ
B7: Μήνας | C7: Ημέρα
D8: Αύξων αριθμός ονομαστικού | K8: 17α | M8: 20 | O8: 29 | Q8: 63 | S8: 74 | U8: 94α | X8: 109 | Z8: 113 | AB8: 140 | AD8: 146 | AF8: 147 | AH8: 148 | AJ8: 154 | AL8: 161 | AN8: 166 | AP8: 172
D10: Γ.΄Δ.΄Β.΄
D12: ΑΝΤΛΙΕΣ ΠΥΡ/ΚΕΣ - ΜΗΧΑΝΗΜΑΤΑ ΜΕΤΑ ΠΑΡΕΛΚΟΜΕΝΩΝ | K12: Χ | L12: Π | M12: Χ | N12: Π | O12: Χ | P12: Π | Q12: Χ | R12: Π | S12: Χ | T12: Π | U12: Χ | V12: Π | X12: Χ | Y12: Π | Z12: Χ | AA12: Π | AB12: Χ | AC12: Π | AD12: Χ | AE12: Π | AF12: Χ | AG12: Π | AH12: Χ | AI12: Π | AJ12: Χ | AK12: Π | AL12: Χ | AM12: Π | AN12: Χ | AO12: Π | AP12: Χ | AQ12: Π
B13: Ιανουάριος | C13: 1 | D13: Υπόλοιπο από μεταφορά έτους 2023 | K13: 3 | L13: 0 | M13: 7 | N13: 0 | O13: 11 | P13: 0 | Q13: 2 | R13: 0 | S13: 3 | T13: 0 | U13: 2 | V13: 0 | X13: 1 | Y13: 0 | Z13: 1 | AA13: 0 | AB13: 1 | AC13: 0 | AD13: 4 | AE13: 0 | AF13: 3 | AG13: 0 | AH13: 2 | AI13: 0 | AJ13: 4 | AK13: 0 | AL13: 5 | AM13: 0 | AN13: 4 | AO13: 0 | AP13: 4 | AQ13: 0
A14: 1 | B14: Ιούλιος | C14: 31 | D14: Εγγραφή με τ.α.α.40/2026 για αγορά αντ/κών από το εμπόριο (Απ.Ανάλ.Υποχρ.13759/21-07-2026)
A15: 2 | B15: Αύγουστος | C15: 3

Sheet ΓΔΒ(126)
A1: ΒΙΒΛΙΟ | X1: ΥΛΙΚΟΥ ΔΙΟΙΚΗΣΗΣ Π.Υ. ΝΟΜΟΥ ΚΕΡΚΥΡΑΣ
A3: Αύξων αριθμός δικαιολογητικών | B3: 2026 | D3: Σελίδα 126 | K3: Φορητές Βενζινοκίνητες αντλίες HONDA | M3: Φορητή αντλία (πεζοπόρου) & Αντλία 1HP Δωρεάς | O3: Πλάτες αντλίας (πεζοπόρου) | Q3: Αντλία προπλήρωσης χειρός (πεζοπόρου) | S3: Αντλίες Πετρελαιοκίνητες Γενικά | U3: Αντλίες Ziegler | X3: Πιστόλι αντλιών καυσίμου | Z3: Σετ ανταλλακτικών επισκευής αντλιών πυρκαγιάς | AB3: Αντλίες Βενζινοκίμνητες Γενικά | AD3: Φορητές Αντλίες Rosenbauer
D5: ΛΕΠΤΟΜΕΡΕΙΕΣ
B7: Μήνας | C7: Ημέρα
D8: Αύξων αριθμός ονομαστικού | K8: 176 | M8: 178 | O8: 179 | Q8: 180 | S8: 192 | U8: 6α | X8: 93 | Z8: 106 | AB8: 193 | AD8: 7
D10: Γ.΄Δ.΄Β.΄
D12: ΑΝΤΛΙΕΣ ΠΥΡ/ΚΕΣ - ΜΗΧΑΝΗΜΑΤΑ ΜΕΤΑ ΠΑΡΕΛΚΟΜΕΝΩΝ | K12: Χ | L12: Π | M12: Χ | N12: Π | O12: Χ | P12: Π | Q12: Χ | R12: Π | S12: Χ | T12: Π | U12: Χ | V12: Π | X12: Χ | Y12: Π | Z12: Χ | AA12: Π | AB12: Χ | AC12: Π | AD12: Χ | AE12: Π | AF12: Χ | AG12: Π | AH12: Χ | AI12: Π | AJ12: Χ | AK12: Π | AL12: Χ | AM12: Π | AN12: Χ | AO12: Π | AP12: Χ | AQ12: Π
B13: Ιανουάριος | C13: 1 | D13: Υπόλοιπο από μεταφορά έτους 2023 | K13: 2 | L13: 0 | M13: 2 | N13: 0 | O13: 3 | P13: 0 | Q13: 1 | R13: 0 | S13: 1 | T13: 0 | U13: 2 | V13: 0 | X13: 1 | Y13: 0 | Z13: 13 | AA13: 0 | AB13: 1 | AC13: 0
A14: 1 | Z14: 4
A15: 2 | AD15: 3

Sheet ΓΔΒ(128)
A1: ΒΙΒΛΙΟ | X1: ΥΛΙΚΟΥ ΔΙΟΙΚΗΣΗΣ Π.Υ. ΝΟΜΟΥ ΚΕΡΚΥΡΑΣ
A3: Αύξων αριθμός δικαιολογητικών | B3: 2026 | D3: Σελίδα 128
D5: ΛΕΠΤΟΜΕΡΕΙΕΣ
B7: Μήνας | C7: Ημέρα
D8: Αύξων αριθμός ονομαστικού
D10: Γ.΄Δ.΄Β.΄
D12: ΑΝΤΛΙΕΣ ΠΥΡ/ΚΕΣ - ΜΗΧΑΝΗΜΑΤΑ ΜΕΤΑ ΠΑΡΕΛΚΟΜΕΝΩΝ | K12: Χ | L12: Π | M12: Χ | N12: Π | O12: Χ | P12: Π | Q12: Χ | R12: Π | S12: Χ | T12: Π | U12: Χ | V12: Π | X12: Χ | Y12: Π | Z12: Χ | AA12: Π | AB12: Χ | AC12: Π | AD12: Χ | AE12: Π | AF12: Χ | AG12: Π | AH12: Χ | AI12: Π | AJ12: Χ | AK12: Π | AL12: Χ | AM12: Π | AN12: Χ | AO12: Π | AP12: Χ | AQ12: Π
D13: Υπόλοιπο από μεταφορά έτους 2023

Sheet ΓEΑ(130)
A1: ΒΙΒΛΙΟ | X1: ΥΛΙΚΟΥ ΔΙΟΙΚΗΣΗΣ Π.Υ. ΝΟΜΟΥ ΚΕΡΚΥΡΑΣ
A3: Αύξων αριθμός δικαιολογητικών | B3: 2026 | D3: Σελίδα 130 | K3: Αεροσυμπιεστής Πλήρωσης Αεροθαλάμων Κομφλερ | M3: Αεροσυμπιεστής PARAMINA | O3: Γρύλοι οχημάτων | Q3: Γρύλοι οχημάτων υδραυλικοί 0 -10 τόνων | S3: Γρύλοι οχημάτων υδραυλικοί 6 -10 τόνων | U3: Φορητό χειρ. βαρούλκου οχημάτων Unimog(A' τύπου) | X3: Δίσκοι Φορητών Βενζινιοπρίονων | Z3: Ηλεκτροκίνητα δράπανα επιτραπέζιος (τρυπανι) | AB3: Κοπής κυκλικών παρεμβασμάτων | AD3: Μυτοτσίμπιδα | AF3: Γκαζοτανάλιες | AH3: Κοπτικές λαβίδες Κόφτες-πένσες | AJ3: Λάμες Ηλεκτροκίνητων Σιδηροπρίονων | AL3: Μεταλλοπρίονα-Σέγες | AN3: Σέγα Ηλεκτρική επαναφ/ζόμενη FLORABEST LIDI HELLAS | AP3: Φιλερ (Μετρητές Διάκενων)
D5: ΛΕΠΤΟΜΕΡΕΙΕΣ
B7: Μήνας | C7: Ημέρα
D8: Αύξων αριθμός ονομαστικού | K8: 1 | M8: 1β | O8: 9 | Q8: 11 | S8: 12 | U8: 19β | X8: 23 | Z8: 24 | AB8: 44 | AD8: 49 | AF8: 51 | AH8: 52 | AJ8: 53 | AL8: 62 | AN8: 62α | AP8: 66
D10: Γ.΄Ε.΄Α.΄
D12: ΕΡΓΑΛΕΙΑ ΕΝ ΓΕΝΕΙ | K12: Χ | L12: Π | M12: Χ | N12: Π | O12: Χ | P12: Π | Q12: Χ | R12: Π | S12: Χ | T12: Π | U12: Χ | V12: Π | X12: Χ | Y12: Π | Z12: Χ | AA12: Π | AB12: Χ | AC12: Π | AD12: Χ | AE12: Π | AF12: Χ | AG12: Π | AH12: Χ | AI12: Π | AJ12: Χ | AK12: Π | AL12: Χ | AM12: Π | AN12: Χ | AO12: Π | AP12: Χ | AQ12: Π
B13: Ιανουάριος | C13: 1 | D13: Υπόλοιπο από μεταφορά έτους 2023 | K13: 2 | L13: 0 | M13: 1 | N13: 0 | O13: 5 | P13: 0 | Q13: 13 | R13: 0 | S13: 40 | T13: 0 | U13: 3 | V13: 0 | X13: 1 | Y13: 0 | Z13: 1 | AA13: 0 | AB13: 1 | AC13: 0 | AD13: 3 | AE13: 0 | AF13: 19 | AG13: 0 | AH13: 54 | AI13: 0 | AJ13: 4 | AK13: 0 | AL13: 4 | AM13: 0 | AN13: 5 | AO13: 0 | AP13: 1 | AQ13: 0
A14: 1 | B14: Μάιος | C14: 15 | D14: Εγγραφή με τ.α.α.123 ΥΔΙΠΥΛ για Π.Σ. 5428 (Δγη 2208 Φ.544.1/15-01-2026) | S14: 1
A15: 2 | B15: Μάιος | C15: 20 | D15: Εγγραφή με τ.α.α. 987 ΥΔΙΠΥΛ για Π.Σ.5740 και Π.Σ.5741 (Δγη11526/26-06-2026) | S15: 2
A16: 3 | B16: Μάιος | C16: 22 | D16: Εγγραφή με τ.α.α.1661 ΥΔΙΠΥΛ για Π.Σ.5479 (Δγη 12424 Φ.544.1/02-03-2026) | S16: 1 | AF16: 1 | AH16: 1
A17: 4 | B17: Μάιος | C17: 25 | D17: Εγγραφή με τ.α.α.25 για αγορά αντ/κών από το εμπόριο (Απόφ.Ανάλ.Υποχρ. 8282/14-05-2026) | X17: 1

Sheet ΓEΑ(132)
A1: ΒΙΒΛΙΟ | X1: ΥΛΙΚΟΥ ΔΙΟΙΚΗΣΗΣ Π.Υ. ΝΟΜΟΥ ΚΕΡΚΥΡΑΣ
A3: Αύξων αριθμός δικαιολογητικών | B3: 2026 | D3: Σελίδα 132 | K3: Ηλεκτροδράπανα | M3: Μπαλαντέζες | O3: Βενζινοκίνητα Πριόνια κοπής μετάλων διαφόρων τύπων | Q3: Ηλεκτροκίνητοι Γωνιακοί τροχοί και πριόνι κοπής | S3: Αλυσοπρίονα κοπής ξύλων διαφόρων τύπων | U3: Σετ Εργαλείων Τροχίσματος | X3: Συνδίκτορες εφαρμοστού επιτραπέζιοι (μέγκενη) | Z3: Σφυριά εφαρμοστού | AB3: Ελαστικοί σωλήνες πληρώσεως ελαστικών | AD3: Βενζινοκίνητα αλυσσοπρίονα κοπής ξύλων HOMELITE | AF3: Κλειδιά εξαγωγής αναφλεκτηρων αλυσσοπριόνων | AH3: Σιδηροπρίονα χειρός | AJ3: Τροχοί γωνιακοί κοπής λείανσης μετάλων | AL3: Συσκευές ηλεκτροσυγκόλησης | AN3: Επιτραπέζιος Ηλεκτροκίνητος τροχός λείανσης αλυσσίδων βενζινοπρίονων | AP3: Εργαλειοθήκες
D5: ΛΕΠΤΟΜΕΡΕΙΕΣ
B7: Μήνας | C7: Ημέρα
D8: Αύξων αριθμός ονομαστικού | K8: 68 | M8: 80 | O8: 86 | Q8: 86α | S8: 87 | U8: 94α | X8: 112 | Z8: 113 | AB8: 116 | AD8: 132 | AF8: 133 | AH8: 139 | AJ8: 142 | AL8: 143 | AN8: 153 | AP8: 154
D10: Γ.΄Ε.΄Α.΄
D12: ΕΡΓΑΛΕΙΑ ΕΝ ΓΕΝΕΙ | K12: Χ | L12: Π | M12: Χ | N12: Π | O12: Χ | P12: Π | Q12: Χ | R12: Π | S12: Χ | T12: Π | U12: Χ | V12: Π | X12: Χ | Y12: Π | Z12: Χ | AA12: Π | AB12: Χ | AC12: Π | AD12: Χ | AE12: Π | AF12: Χ | AG12: Π | AH12: Χ | AI12: Π | AJ12: Χ | AK12: Π | AL12: Χ | AM12: Π | AN12: Χ | AO12: Π | AP12: Χ | AQ12: Π
B13: Ιανουάριος | C13: 1 | D13: Υπόλοιπο από μεταφορά έτους 2023 | K13: 2 | L13: 0 | M13: 1 | N13: 0 | O13: 26 | P13: 0 | Q13: 1 | R13: 0 | S13: 28 | T13: 0 | U13: 3 | V13: 0 | X13: 2 | Y13: 0 | Z13: 5 | AA13: 0 | AB13: 25 | AC13: 0 | AD13: 1 | AE13: 0 | AF13: 3 | AG13: 0 | AH13: 12 | AI13: 0 | AJ13: 5 | AK13: 0 | AL13: 1 | AM13: 0 | AN13: 2 | AO13: 0 | AP13: 6 | AQ13: 0
A14: 1
A15: 2
A16: 3 | AB16: 1 | AH16: 1
A17: 4

Sheet ΓEΑ(134)
A1: ΒΙΒΛΙΟ | X1: ΥΛΙΚΟΥ ΔΙΟΙΚΗΣΗΣ Π.Υ. ΝΟΜΟΥ ΚΕΡΚΥΡΑΣ
A3: Αύξων αριθμός δικαιολογητικών | B3: 2026 | D3: Σελίδα 134 | K3: Αλυσίδα Αλυσοπριονου | M3: Καλώδια (μπαλαντέζες) 15μέτρων γωνιακού τροχού | O3: Κλειδιά για αντικατάσταση δίσκου κοπής γωνιακών τροχών | Q3: Αερόκλειδο σκαπτικό 6 Bar BULE με παρελκόμενα | S3: Αεροκόπιδο κομπρεσέρ μικρό με παρελκόμενα | U3: Βελόνια Καλεμια | X3: Κόφτες μπετόβεργας διαφόρων μεγεθών | Z3: Διατριτικά και κρουστικά Ηλεκτροκίνητα | AB3: Μηχάνημα απαγωγής καπνού | AD3: Σωλήνας απαγωγής καπνού (φυσαρμόνικα) | AF3: Σωλήνας παροχής αφρού μηχανήματος απαγωγής καπνού | AH3: Φορητό ηλεκτρ/γωγό ζεύγος-Η/Ζ Ηλεκτρογενήτρια | AJ3: Ηλεκτροπαραγωγό Ζεύγος - Η/Ζ | AL3: Ηλεκτροκίνητο κομπρεσέρ HITACHI με βελόνι διάτρησης | AN3: Πλυντικό Μηχάνημα οχημάτων | AP3: Κόφτες (ψαλίδες) μπετόβεργας Φ14/36''
D5: ΛΕΠΤΟΜΕΡΕΙΕΣ
B7: Μήνας | C7: Ημέρα
D8: Αύξων αριθμός ονομαστικού | K8: 158 | M8: 167 | O8: 168 | Q8: 196 | S8: 202 | U8: 207α | X8: 232α | Z8: 234α | AB8: 291 | AD8: 293 | AF8: 293α | AH8: 300 | AJ8: 312 | AL8: 401 | AN8: 413 | AP8: 414
D10: Γ.΄Ε.΄Α.΄
D12: ΕΡΓΑΛΕΙΑ ΕΝ ΓΕΝΕΙ | K12: Χ | L12: Π | M12: Χ | N12: Π | O12: Χ | P12: Π | Q12: Χ | R12: Π | S12: Χ | T12: Π | U12: Χ | V12: Π | X12: Χ | Y12: Π | Z12: Χ | AA12: Π | AB12: Χ | AC12: Π | AD12: Χ | AE12: Π | AF12: Χ | AG12: Π | AH12: Χ | AI12: Π | AJ12: Χ | AK12: Π | AL12: Χ | AM12: Π | AN12: Χ | AO12: Π | AP12: Χ | AQ12: Π
B13: Ιανουάριος | C13: 1 | D13: Υπόλοιπο από μεταφορά έτους 2023 | K13: 16 | L13: 0 | M13: 1 | N13: 0 | O13: 1 | P13: 0 | Q13: 1 | R13: 0 | S13: 1 | T13: 0 | U13: 17 | V13: 0 | X13: 25 | Y13: 0 | Z13: 7 | AA13: 0 | AB13: 1 | AC13: 0 | AD13: 1 | AE13: 0 | AF13: 1 | AG13: 0 | AH13: 1 | AI13: 0 | AJ13: 7 | AK13: 0 | AL13: 1 | AM13: 0 | AN13: 9 | AO13: 0 | AP13: 15 | AQ13: 0
A14: 1
A15: 2
A16: 3 | X16: 1
A17: 4 | K17: 6

Sheet ΓEΑ(136)
A1: ΒΙΒΛΙΟ | X1: ΥΛΙΚΟΥ ΔΙΟΙΚΗΣΗΣ Π.Υ. ΝΟΜΟΥ ΚΕΡΚΥΡΑΣ
A3: Αύξων αριθμός δικαιολογητικών | B3: 2026 | D3: Σελίδα 136 | K3: Ηλεκτρικό φορητό βαρούλκο (παλάγκο) 400-800Κιλών | M3: Μηχ. φορητό βαρούλκο διάσωσης με συρματόσχοινο 100m | O3: Βενζινοκίνητος Αεροσυμπιεστή 6HP/100lt/12Bar 500lt/min & 5,5 HP/100lt/10Bar | Q3: Φαλτσέτα | S3: Δοχεία Λαδιού-Βενζίνης Αλυσσοπρίονων | U3: Λάδι για Αλυσσοπρίονα | X3: Η/Ζ με Βενζινοκινητήρα MITSUBISHI 8 ΚVA | Z3: Γερμανοπολύγωνο με καστάνια | AB3: Γεννήτριες Φορήτές INVERTER | AD3: Ανταλλακτικά Αεροσυμπιεστού | AF3: Σετ ανταλλακτικών φορητών δισκοπρίονων | AH3: Σχοινιά Εκκίνησης Αλλυσοπρίονων (τεμ) | AJ3: Η/Ζ Master BM/3500KVA | AL3: Πνευματικό Εργαλείο με Λιπαντήρα | AN3: Δίσκοι | AP3: Η/Ζ
D5: ΛΕΠΤΟΜΕΡΕΙΕΣ
B7: Μήνας | C7: Ημέρα
D8: Αύξων αριθμός ονομαστικού | K8: 420 | M8: 420α | O8: 423α | Q8: 427 | S8: 430 | U8: 431 | X8: 448 | Z8: 460 | AB8: 471 | AD8: 165α | AF8: 169 | AH8: 238 | AJ8: 298 | AL8: 454 | AN8: 151 | AP8: 467
D10: Γ.΄Ε.΄Α.΄
D12: ΕΡΓΑΛΕΙΑ ΕΝ ΓΕΝΕΙ | K12: Χ | L12: Π | M12: Χ | N12: Π | O12: Χ | P12: Π | Q12: Χ | R12: Π | S12: Χ | T12: Π | U12: Χ | V12: Π | X12: Χ | Y12: Π | Z12: Χ | AA12: Π | AB12: Χ | AC12: Π | AD12: Χ | AE12: Π | AF12: Χ | AG12: Π | AH12: Χ | AI12: Π | AJ12: Χ | AK12: Π | AL12: Χ | AM12: Π
B13: Ιανουάριος | C13: 1 | D13: Υπόλοιπο από μεταφορά έτους 2023 | K13: 3 | L13: 0 | M13: 1 | N13: 0 | O13: 2 | P13: 0 | Q13: 1 | R13: 0 | S13: 3 | T13: 0 | U13: 3 | V13: 0 | X13: 1 | Y13: 0 | Z13: 1 | AA13: 0 | AB13: 3 | AC13: 0 | AD13: 8 | AE13: 0 | AF13: 5 | AG13: 0 | AH13: 0 | AI13: 0 | AJ13: 2 | AK13: 0 | AL13: 1 | AM13: 0
A14: 1
A15: 2
A16: 3
A17: 4 | AF17: 13 | AH17: 3

Sheet ΓEΑ(138)
A1: ΒΙΒΛΙΟ | X1: ΥΛΙΚΟΥ ΔΙΟΙΚΗΣΗΣ Π.Υ. ΝΟΜΟΥ ΚΕΡΚΥΡΑΣ
A3: Αύξων αριθμός δικαιολογητικών | B3: 2026 | D3: Σελίδα 138 | K3: Ηλεκτρονικά (Αντ/κα Βενζινοπρίονων) | M3: Λάμες Βενζ/των Αλυσσοπρίονων - Δισκοπρίονων
D5: ΛΕΠΤΟΜΕΡΕΙΕΣ
B7: Μήνας | C7: Ημέρα
D8: Αύξων αριθμός ονομαστικού | K8: 243 | M8: 53α
D10: Γ.΄Ε.΄Α.΄
D12: ΕΡΓΑΛΕΙΑ ΕΝ ΓΕΝΕΙ | K12: Χ | L12: Π | M12: Χ | N12: Π | O12: Χ | P12: Π | Q12: Χ | R12: Π | S12: Χ | T12: Π | U12: Χ | V12: Π | X12: Χ | Y12: Π | Z12: Χ | AA12: Π | AB12: Χ | AC12: Π | AD12: Χ | AE12: Π | AF12: Χ | AG12: Π | AH12: Χ | AI12: Π | AJ12: Χ | AK12: Π | AL12: Χ | AM12: Π | AN12: Χ | AO12: Π | AP12: Χ | AQ12: Π
D13: Υπόλοιπο από μεταφορά έτους 2023 | K13: 0 | L13: 0 | M13: 0 | N13: 0
A14: 1
A15: 2
A16: 3
A17: 4 | K17: 4 | M17: 1

Sheet ΓΕΒ(140)
A1: ΒΙΒΛΙΟ | X1: ΥΛΙΚΟΥ ΔΙΟΙΚΗΣΗΣ Π.Υ. ΝΟΜΟΥ ΚΕΡΚΥΡΑΣ
A3: Αύξων αριθμός δικαιολογητικών | B3: 2026 | D3: Σελίδα 140 | K3: Ανορθωτής φόρτιστής συσσωρευτών οχημάτων τροχήλατος | M3: Βαριές Α΄ & Β΄ μεγέθους | O3: Κοπίδια διάφορα μεγέθη | Q3: Κοφτές συρμάτων | S3: Φορητοί λαμπτήρες με καλ. ρευματοληψίας οχημάτων (μπαλαντέζες) | U3: Ξυλοπρίονα χειρός διάφορα | X3: Παχύμετρο ακριβείας | Z3: Πυξίδες μαγνητικές | AB3: Συσκευές GPS | AD3: Σφυριά Ξυλουργού | AF3: Ηλεκτρογενήτρια κτηριακών εγκαταστάσεων | AH3: Εργαλειφορείς Τροχοίλατοι | AJ3: Ξαπλώστρες Τεχνιτών Διάφορες | AL3: Μανόμετρα Μέτρησης Πίεση Υδροστομίων | AN3: Χειροπρίονα με ξύλινη λαβή | AP3: Βενζινοκίνητο Θαμνοκοπτικό STIHL & HUSQVARNA
D5: ΛΕΠΤΟΜΕΡΕΙΕΣ
B7: Μήνας | C7: Ημέρα
D8: Αύξων αριθμός ονομαστικού | K8: 3α | M8: 40 | O8: 65 | Q8: 69 | S8: 80 | U8: 112 | X8: 121 | Z8: 145 | AB8: 145α | AD8: 177 | AF8: 287 | AH8: 286α | AJ8: 314 | AL8: 361 | AN8: 368 | AP8: 371
D10: Γ.΄Ε.΄Β.΄
D12: ΕΡΓΑΛΕΙΟΜΗΧΑΝΕΣ - ΕΡΓΑΛΕΙΑ ΕΝ ΓΕΝΕΙ | K12: Χ | L12: Π | M12: Χ | N12: Π | O12: Χ | P12: Π | Q12: Χ | R12: Π | S12: Χ | T12: Π | U12: Χ | V12: Π | X12: Χ | Y12: Π | Z12: Χ | AA12: Π | AB12: Χ | AC12: Π | AD12: Χ | AE12: Π | AF12: Χ | AG12: Π | AH12: Χ | AI12: Π | AJ12: Χ | AK12: Π | AL12: Χ | AM12: Π | AN12: Χ | AO12: Π | AP12: Χ | AQ12: Π
B13: Ιανουάριος | C13: 1 | D13: Υπόλοιπο από μεταφορά έτους 2023 | K13: 2 | L13: 0 | M13: 6 | N13: 0 | O13: 2 | P13: 0 | Q13: 2 | R13: 0 | S13: 21 | T13: 0 | U13: 5 | V13: 0 | X13: 1 | Y13: 0 | Z13: 8 | AA13: 0 | AB13: 13 | AC13: 0 | AD13: 1 | AE13: 0 | AF13: 1 | AG13: 0 | AH13: 1 | AI13: 0 | AJ13: 1 | AK13: 0 | AL13: 1 | AM13: 0 | AN13: 13 | AO13: 0 | AP13: 2 | AQ13: 0
A14: 1 | B14: Μάιος | C14: 15 | D14: Εγγραφή με τ.α.α.124 ΥΔΙΠΥΛ για Π.Σ. 5428 (Δγη 2208 Φ.544.1/15-01-2026)
A15: 2 | B15: Μάιος | C15: 20 | D15: Εγγραφή με τ.α.α. 988 ΥΔΙΠΥΛ για Π.Σ.5740 και Π.Σ.5741 (Δγη11526/26-06-2026)
A16: 3 | B16: Μάιος | C16: 22 | D16: Εγγραφή με τ.α.α.1658 ΥΔΙΠΥΛ για Π.Σ.5479 (Δγη 12424 Φ.544.1/02-03-2026) | S16: 1
A17: 4 | B17: Αύγουστος | C17: 3 | D17: Εγγραφή με τ.α.α.2168 ΥΔΙΠΥΛ για ανιχνευτή αερίων(Δγη 59236 Φ.527.1/21-10-2025)

Sheet ΓΕΒ(142)
A1: ΒΙΒΛΙΟ | X1: ΥΛΙΚΟΥ ΔΙΟΙΚΗΣΗΣ Π.Υ. ΝΟΜΟΥ ΚΕΡΚΥΡΑΣ
A3: Αύξων αριθμός δικαιολογητικών | B3: 2026 | D3: Σελίδα 142 | K3: GPS Συστήματα πλοήγησης και Συσκευές (47) Πλοήγησης GARMIN | M3: Αντικραδασμική βάση στήριξης για τις συσκευές πλοήγησης GARMIN | O3: Ηλεκτρονικός Επεξεργαστής Νερού(Αφαλάτωσης) Πλήρωσης Οχημάτων | Q3: Φλόγιστρα Προπανίου με ρυθμιστή | S3: Εργαλειοφορείς | U3: Φορτιστής Οχήματος | X3: Ανμιχνευτές Εκρηκτικών Αερίων
D5: ΛΕΠΤΟΜΕΡΕΙΕΣ
B7: Μήνας | C7: Ημέρα
D8: Αύξων αριθμός ονομαστικού | K8: 384 | M8: 387 | O8: 382 | Q8: 348α | S8: 286 | U8: 393 | X8: 359β
D10: Γ.΄Ε.΄Β.΄
D12: ΕΡΓΑΛΕΙΟΜΗΧΑΝΕΣ - ΕΡΓΑΛΕΙΑ ΕΝ ΓΕΝΕΙ | K12: Χ | L12: Π | M12: Χ | N12: Π | O12: Χ | P12: Π | Q12: Χ | R12: Π | S12: Χ | T12: Π | U12: Χ | V12: Π | X12: Χ | Y12: Π | Z12: Χ | AA12: Π | AB12: Χ | AC12: Π | AD12: Χ | AE12: Π | AF12: Χ | AG12: Π | AH12: Χ | AI12: Π | AJ12: Χ | AK12: Π | AL12: Χ | AM12: Π | AN12: Χ | AO12: Π | AP12: Χ | AQ12: Π
B13: Ιανουάριος | C13: 1 | D13: Υπόλοιπο από μεταφορά έτους 2023 | K13: 61 | L13: 0 | M13: 46 | N13: 0 | O13: 1 | P13: 0 | Q13: 2 | R13: 0 | S13: 3 | T13: 0
A14: 1 | K14: 1 | U14: 1
A15: 2 | K15: 2
A16: 3 | K16: 1
A17: 4 | X17: 1

Sheet ΓΣΤΑ(144)
A1: ΒΙΒΛΙΟ | X1: ΥΛΙΚΟΥ ΔΙΟΙΚΗΣΗΣ Π.Υ. ΝΟΜΟΥ ΚΕΡΚΥΡΑΣ
A3: Αύξων αριθμός δικαιολογητικών | B3: 2026 | D3: Σελίδα 144 | K3: Πομποδέκτες UHF MOTOROLA οχημάτων | M3: Πομποδέκτες UHF General Electric οχημάτων | O3: Πομποδέκτες UHF(38-40ΜΗz) MOTOROLA Mοντέλο MT 500 φορητοί | Q3: Ακροδέκτες με μόνωση (4ρ - 4c) | S3: Βατόμετρο Ασύρματου | U3: Πολύμετρο Ψηφιακό | X3: Κεραίες Ασυρμάτου MOTOROLA TAS 1053 με συγκρότημα στηρίξεως | Z3: Σταθμοί Βάσεως | AB3: Φορητοί Πομποδέκτες 30-50 ΜΗΖ πλήρεις | AD3: Ιμάντες Ανάρτησης | AF3: Φορτιστές πομποδεκτών και συσσωρευτών Νi/Cd-Ni Mh | AH3: Φορητοί Πομποδέκτες General Electric | AJ3: Ταχυφορτιστές μιας θέσης Φορητών Πομποδεκτών | AL3: Ταχυφορτιστές πέντε θέσεων Φορητών Πομποδεκτών | AN3: Πομποδέκτης Βάσεως πλήρης(UHF) MACOR | AP3: Ταχυφορτιστές δύο θέσεων Φορητών Πομποδεκτών MAXON
D5: ΛΕΠΤΟΜΕΡΕΙΕΣ
B7: Μήνας | C7: Ημέρα
D8: Αύξων αριθμός ονομαστικού | K8: 2 | M8: 3 | O8: 4 | Q8: 5α | S8: 11 | U8: 16α | X8: 36 | Z8: 126 | AB8: 149 | AD8: 152 | AF8: 154 | AH8: 187 | AJ8: 192 | AL8: 193 | AN8: 217 | AP8: 247
D10: Γ.΄ΣΤ.΄Α.΄
D12: ΑΣΥΡΜΑΤΟΙ | K12: Χ | L12: Π | M12: Χ | N12: Π | O12: Χ | P12: Π | Q12: Χ | R12: Π | S12: Χ | T12: Π | U12: Χ | V12: Π | X12: Χ | Y12: Π | Z12: Χ | AA12: Π | AB12: Χ | AC12: Π | AD12: Χ | AE12: Π | AF12: Χ | AG12: Π | AH12: Χ | AI12: Π | AJ12: Χ | AK12: Π | AL12: Χ | AM12: Π | AN12: Χ | AO12: Π | AP12: Χ | AQ12: Π
B13: Ιανουάριος | C13: 1 | D13: Υπόλοιπο από μεταφορά έτους 2023 | K13: 4 | L13: 0 | M13: 2 | N13: 0 | O13: 4 | P13: 0 | Q13: 0 | R13: 0 | S13: 1 | T13: 0 | U13: 1 | V13: 0 | X13: 1 | Y13: 0 | Z13: 1 | AA13: 0 | AB13: 2 | AC13: 0 | AD13: 2 | AE13: 0 | AF13: 3 | AG13: 0 | AH13: 4 | AI13: 0 | AJ13: 16 | AK13: 0 | AL13: 1 | AM13: 0 | AN13: 1 | AO13: 0 | AP13: 3 | AQ13: 0
A14: 1 | B14: Ιούνιος | C14: 5 | D14: Εγγραφή με τ.α.α.03 2ης ΕΜΑΚ για πομποδέκτη οχήματος-βάσεως(Δγη 5289 28-01-2026)
A15: 2 | B15: Μάιος | C15: 15 | D15: Εγγραφή με τ.α.α.125 ΥΔΙΠΥΛ για Π.Σ. 5428 (Δγη 2208 Φ.544.1/15-01-2026)
A16: 3 | B16: Μάιος | C16: 20 | D16: Εγγραφή με τ.α.α. 989 ΥΔΙΠΥΛ για Π.Σ.5740 και Π.Σ.5741 (Δγη11526/26-06-2026)
A17: 4 | B17: Μάιος | C17: 22 | D17: Εγγραφή με τ.α.α.1659 ΥΔΙΠΥΛ για Π.Σ.5479 (Δγη 12424 Φ.544.1/02-03-2026)

Sheet ΓΣΤΑ(146)
A1: ΒΙΒΛΙΟ | X1: ΥΛΙΚΟΥ ΔΙΟΙΚΗΣΗΣ Π.Υ. ΝΟΜΟΥ ΚΕΡΚΥΡΑΣ
A3: Αύξων αριθμός δικαιολογητικών | B3: 2026 | D3: Σελίδα 146 | K3: Βάση Φορτιστών | M3: Επιτραπέζιο Μικρόφωνο IcomSM-14 Ασυρμάτου βάσεως ICOM IC-100 | O3: Πομποδέκτες οχημάτων (VHF-UHF) πλήρεις MIDLAND | Q3: Κεραίες ασυρμάτων οχημάτων και βάσεων | S3: Τροφοδοτικά Ασυρμάτων Βάσεως 220V/12V | U3: Κεραίες Λήψης-Εκπομπής Σταθμού Βάσης Ασ/της Τηλ/νίας | X3: Φορητοί Πομποδέκτες α)MAXON β)ΟΚΙ | Z3: Πρέσσα Ακροδέκτη PROSKIT (πιεστής καλωδίων) | AB3: Τροφοδοτικά 220V/12V | AD3: Φορητοί πομποδέκτες MIDLANT | AF3: Συσκευές κινητών τηλεφώνων | AH3: Πομποδέκτης VHF ICOM F-1010 & IC-F110 | AJ3: Φορητοί Πομποδέκτες ICOM β) IC-H16TC γ) IC-H16 | AL3: Φορητός Πομποδέκτης ICOM IC-F3 | AN3: Φορητός Πομποδέκτης ICOM IC-F34GT | AP3: Καλώδιο προγραμ/σμού CLONNINE
D5: ΛΕΠΤΟΜΕΡΕΙΕΣ
B7: Μήνας | C7: Ημέρα
D8: Αύξων αριθμός ονομαστικού | K8: 248 | M8: 268 | O8: 281 | Q8: 286 | S8: 289 | U8: 302 | X8: 309 | Z8: 319 | AB8: 342 | AD8: 352β | AF8: 363 | AH8: 367 | AJ8: 367β | AL8: 367γ | AN8: 367ε | AP8: 371
D10: Γ.΄ΣΤ.΄Α.΄
D12: ΑΣΥΡΜΑΤΟΙ | K12: Χ | L12: Π | M12: Χ | N12: Π | O12: Χ | P12: Π | Q12: Χ | R12: Π | S12: Χ | T12: Π | U12: Χ | V12: Π | X12: Χ | Y12: Π | Z12: Χ | AA12: Π | AB12: Χ | AC12: Π | AD12: Χ | AE12: Π | AF12: Χ | AG12: Π | AH12: Χ | AI12: Π | AJ12: Χ | AK12: Π | AL12: Χ | AM12: Π | AN12: Χ | AO12: Π | AP12: Χ | AQ12: Π
B13: Ιανουάριος | C13: 1 | D13: Υπόλοιπο από μεταφορά έτους 2023 | K13: 0 | L13: 0 | M13: 1 | N13: 0 | O13: 5 | P13: 0 | Q13: 35 | R13: 0 | S13: 6 | T13: 0 | U13: 1 | V13: 0 | X13: 7 | Y13: 0 | Z13: 1 | AA13: 0 | AB13: 3 | AC13: 0 | AD13: 0 | AE13: 0 | AF13: 6 | AG13: 0 | AH13: 9 | AI13: 0 | AJ13: 4 | AK13: 0 | AL13: 6 | AM13: 0 | AN13: 10 | AO13: 0 | AP13: 1 | AQ13: 0
A14: 1 | AH14: 1
A15: 2
A16: 3
A17: 4

Sheet ΓΣΤΑ(148)
A1: ΒΙΒΛΙΟ | X1: ΥΛΙΚΟΥ ΔΙΟΙΚΗΣΗΣ Π.Υ. ΝΟΜΟΥ ΚΕΡΚΥΡΑΣ
A3: Αύξων αριθμός δικαιολογητικών | B3: 2026 | D3: Σελίδα 148 | K3: Κεραία Οχήματος Τύπου SSR Renair | M3: Καλώδιο Μεταφοράς Δεδομένων Η/Υ | O3: Πομποδέκτες ( VHF) οχημάτων πλήρεις TAD M8 | Q3: Πομποδέκτες ( VHF) οχημάτων Stornofone | S3: Πομποδέκτες ( VHF) οχημάτων KENWOOD ΤΚ-760G | U3: Πομποδέκτες (VHF) οχημάτων MOTOROLA GM 350 | X3: Πομποδέκτες (VHF) οχημάτων MOTOROLA GM 360 & CM 360 | Z3: Πομποδέκτης Βάσεως (VHF) ΠΚ Θιναλίου (Δασικής) ICOM IC-V100 | AB3: Π/Δ Βάσης MOTOROLA VHF/FΜ και UHF Αναμεταδότης Βουνών | AD3: Π/Δ ΟΧΗΜΑΤΩΝ MOTOROLA UHF/FM GM-360 MW-504 ΓΙΑ ΖΕΥΞΗ ΣΤΑ ΤΗΛΕΦΩΝΕΙΑ | AF3: Φορητοί Πομποδέκτες MOTOROLA GP 360 | AH3: Ταχυφορτιστές MOTOROLA φορητών Πομποδεκτών GP 360 | AJ3: Συσσωρευτές 7.5V Ni-Me Φορητών Πομποδεκτών MOTOROLA GP 360 | AL3: Φορητή τηλεματική μονάδα εντοπισμού θέσης (Meitrack MT90A GPS Tracker) | AN3: Κεραίες VHF (Sigma) | AP3: Φορητός Πομποδέκτης KENWOOD TK2170
D5: ΛΕΠΤΟΜΕΡΕΙΕΣ
B7: Μήνας | C7: Ημέρα
D8: Αύξων αριθμός ονομαστικού | K8: 374 | M8: 384 | O8: 391 | Q8: 392 | S8: 397α | U8: 403 | X8: 403α | Z8: 404 | AB8: 406 | AD8: 406β | AF8: 418 | AH8: 419 | AJ8: 420 | AL8: 421 | AN8: 422 | AP8: 441β
D10: Γ.΄ΣΤ.΄Α.΄
D12: ΑΣΥΡΜΑΤΟΙ | K12: Χ | L12: Π | M12: Χ | N12: Π | O12: Χ | P12: Π | Q12: Χ | R12: Π | S12: Χ | T12: Π | U12: Χ | V12: Π | X12: Χ | Y12: Π | Z12: Χ | AA12: Π | AB12: Χ | AC12: Π | AD12: Χ | AE12: Π | AF12: Χ | AG12: Π | AH12: Χ | AI12: Π | AJ12: Χ | AK12: Π | AL12: Χ | AM12: Π | AN12: Χ | AO12: Π | AP12: Χ | AQ12: Π
B13: Ιανουάριος | C13: 1 | D13: Υπόλοιπο από μεταφορά έτους 2023 | K13: 1 | L13: 0 | M13: 1 | N13: 0 | O13: 2 | P13: 0 | Q13: 1 | R13: 0 | S13: 7 | T13: 0 | U13: 20 | V13: 0 | X13: 11 | Y13: 0 | Z13: 1 | AA13: 0 | AB13: 1 | AC13: 0 | AD13: 2 | AE13: 0 | AF13: 29 | AG13: 0 | AH13: 32 | AI13: 0 | AJ13: 0 | AK13: 0 | AL13: 5 | AM13: 0 | AN13: 1 | AO13: 0 | AP13: 10 | AQ13: 0
A14: 1
A15: 2
A16: 3
A17: 4

Sheet ΓΣΤΑ(150)
A1: ΒΙΒΛΙΟ | X1: ΥΛΙΚΟΥ ΔΙΟΙΚΗΣΗΣ Π.Υ. ΝΟΜΟΥ ΚΕΡΚΥΡΑΣ
A3: Αύξων αριθμός δικαιολογητικών | B3: 2026 | D3: Σελίδα 150 | K3: Συσσωρευτές φορητών Πομποδέκτών KENWOOD TK2170 | M3: Φορτηστές φορητών Πομποδέκτών KENWOOD TK2170 (επιτραπέζιοι & οχήματος) | O3: Φορτηστές για φορητούς Πομποδέκτες ICOM IC-F34GT | Q3: Φορτηστές για φορητούς Πομποδέκτες ICOM F-51 | S3: Μικρομεγάφωνα για φορητούς Πομποδέκτες ICOM IC-F34GΤ | U3: Συσσωρευτές για φορητούς Πομποδέκτες ICOM IC-F34GT | X3: Φορητός Πομποδέκτης ICOM F-51 GT | Z3: Πομποδέκτης ΒΑΣΕΩΣ KENWOOD TKR-750 (Αναμεταδότης Παντοκράτορα) | AB3: Π/Δ Βάσεως UHF KENWOOD TK-8189E | AD3: Π/Δ Βάσεως VHF KENWOOD TK-7180E | AF3: Τροφοδοτικό 230VAC/12VDC-9A AD KWTK7102H ALFATRONIC | AH3: Επιτραπέζιο μικρόφωνο KENWOOD MKC-9C | AJ3: Πομποδέκτης οχήματος KENWOOD TK-7160 (ΠΣ 3779, 4110, 4353, 4354 & ΚΥΜΕ 10015,10014) | AL3: Πομποδέκτης οχήματος KENWOOD TK 7360 (ΠΣ 4108, 4255, 4170, 4171, 4172) | AN3: Τηλεματικές συσκευές παρακολούθησης θέσης πόρων GPS/GPRS/3G APLICOM | AP3: Ηλεκτρονικό κλειδί αναγνώρισης στοιχείων οδηγών (I BUTTONS)
D5: ΛΕΠΤΟΜΕΡΕΙΕΣ
B7: Μήνας | C7: Ημέρα
D8: Αύξων αριθμός ονομαστικού | K8: 441γ | M8: 441δ | O8: 443 | Q8: 443α | S8: 444 | U8: 445 | X8: 446 | Z8: 447 | AB8: 450 | AD8: 451 | AF8: 452 | AH8: 454 | AJ8: 456 | AL8: 456α | AN8: 490 | AP8: 490α
D10: Γ.΄ΣΤ.΄Α.΄
D12: ΑΣΥΡΜΑΤΟΙ | K12: Χ | L12: Π | M12: Χ | N12: Π | O12: Χ | P12: Π | Q12: Χ | R12: Π | S12: Χ | T12: Π | U12: Χ | V12: Π | X12: Χ | Y12: Π | Z12: Χ | AA12: Π | AB12: Χ | AC12: Π | AD12: Χ | AE12: Π | AF12: Χ | AG12: Π | AH12: Χ | AI12: Π | AJ12: Χ | AK12: Π | AL12: Χ | AM12: Π | AN12: Χ | AO12: Π | AP12: Χ | AQ12: Π
B13: Ιανουάριος | C13: 1 | D13: Υπόλοιπο από μεταφορά έτους 2023 | K13: 0 | L13: 0 | M13: 20 | N13: 0 | O13: 10 | P13: 0 | Q13: 4 | R13: 0 | S13: 10 | T13: 0 | U13: 0 | V13: 0 | X13: 9 | Y13: 0 | Z13: 1 | AA13: 0 | AB13: 1 | AC13: 0 | AD13: 1 | AE13: 0 | AF13: 2 | AG13: 0 | AH13: 1 | AI13: 0 | AJ13: 8 | AK13: 0 | AL13: 5 | AM13: 0 | AN13: 49 | AO13: 0 | AP13: 246 | AQ13: 0
A14: 1
A15: 2
A16: 3 | AN16: 2
A17: 4

Sheet ΓΣΤΑ(152)
A1: ΒΙΒΛΙΟ | X1: ΥΛΙΚΟΥ ΔΙΟΙΚΗΣΗΣ Π.Υ. ΝΟΜΟΥ ΚΕΡΚΥΡΑΣ
A3: Αύξων αριθμός δικαιολογητικών | B3: 2026 | D3: Σελίδα 152 | K3: Συσκευή εξ' αποστάσεως οριοθέτησης μετώπου πυρκαγιάς CHC LT500U & Laser | M3: Φορητός Πομποδέκτης πλήρης ICOM IC-A6E VHF-AM με S/N:3404927 για τα CHINOOK | O3: Εφεδρικός Συσσωρευτής του Πομποδέκτη ICOM IC-A6E VHF-AM για τα CHINOOK | Q3: Πρέσσα Κονέκτορ | S3: Καρφωτικό για τηλεφωνικά | U3: Πρέσσα τηλεφωνική ακροδεκτών | X3: Σύνδεσμος μεταλικός BNC καλωδίου κεραίας ασυρμάτου | Z3: Αντάπτορας θυληκός σε αρσενικό | AB3: Ακροδέκτες καλωδίων δικτύου | AD3: Π/Δ Οχημάτων HUTERA | AF3: Φορτιστής ΟΧ
D5: ΛΕΠΤΟΜΕΡΕΙΕΣ
B7: Μήνας | C7: Ημέρα
D8: Αύξων αριθμός ονομαστικού | K8: 491 | M8: 496 | O8: 497 | Q8: 498 | S8: 499 | U8: 500 | X8: 501 | Z8: 503 | AB8: 504 | AD8: 508 | AF8: 154α
D10: Γ.΄ΣΤ.΄Α.΄
D12: ΑΣΥΡΜΑΤΟΙ | K12: Χ | L12: Π | M12: Χ | N12: Π | O12: Χ | P12: Π | Q12: Χ | R12: Π | S12: Χ | T12: Π | U12: Χ | V12: Π | X12: Χ | Y12: Π | Z12: Χ | AA12: Π | AB12: Χ | AC12: Π | AD12: Χ | AE12: Π | AF12: Χ | AG12: Π | AH12: Χ | AI12: Π | AJ12: Χ | AK12: Π | AL12: Χ | AM12: Π | AN12: Χ | AO12: Π | AP12: Χ | AQ12: Π
B13: Ιανουάριος | C13: 1 | D13: Υπόλοιπο από μεταφορά έτους 2023 | K13: 1 | L13: 0 | M13: 1 | N13: 0 | O13: 1 | P13: 0 | Q13: 1 | R13: 0 | S13: 1 | T13: 0 | U13: 1 | V13: 0 | X13: 0 | Y13: 0 | Z13: 3 | AA13: 0 | AB13: 3 | AC13: 0 | AD13: 6 | AE13: 0 | AF13: 0 | AG13: 0
A14: 1
A15: 2 | AD15: 1
A16: 3 | AD16: 2
A17: 4 | AD17: 1

Sheet ΓΣΤΓ(154)
A1: ΒΙΒΛΙΟ | X1: ΥΛΙΚΟΥ ΔΙΟΙΚΗΣΗΣ Π.Υ. ΝΟΜΟΥ ΚΕΡΚΥΡΑΣ
A3: Αύξων αριθμός δικαιολογητικών | B3: 2026 | D3: Σελίδα 154 | K3: Ενισχυτής Μικροφωνικής | M3: Μικρόφωνα | O3: Ηχεία 40 Watt | Q3: Μπαταρίες | S3: Φορτιστές Μπαταριών | U3: Βαλίτσες Μεταφοράς | X3: Ραδιοκασετόφωνα οχημάτων διαφόρων τύπων | Z3: Βιντεοκάμερα Sony με θήκη και κασέτα | AB3: Μηχάνημα προβολής | AD3: Οθόνη Προβολής | AF3: Κονσόλα Μικροφωνικής | AH3: Θερμική Κάμερα Χειρός | AJ3: Γάτζος με συρματόσχοινο ανάρτησης | AL3: Μεγάφωνα Κόρνα | AN3: Μονάδα αναζήτησης και λήψης σε ερείπια (Κάμερα) | AP3: Γεόφωνα
D5: ΛΕΠΤΟΜΕΡΕΙΕΣ
B7: Μήνας | C7: Ημέρα
D8: Αύξων αριθμός ονομαστικού | K8: 4 | M8: 23 | O8: 26 | Q8: 35 | S8: 50 | U8: 118 | X8: 145 | Z8: 173 | AB8: 194 | AD8: 201 | AF8: 259 | AH8: 295 | AJ8: 295α | AL8: 25 | AN8: 187α | AP8: 208
D10: Γ.΄ΣΤ.΄Γ.΄
D12: ΦΩΤΟΓΡΑΦΙΚΟ ΥΛΙΚΟ | K12: Χ | L12: Π | M12: Χ | N12: Π | O12: Χ | P12: Π | Q12: Χ | R12: Π | S12: Χ | T12: Π | U12: Χ | V12: Π | X12: Χ | Y12: Π | Z12: Χ | AA12: Π | AB12: Χ | AC12: Π | AD12: Χ | AE12: Π | AF12: Χ | AG12: Π | AH12: Χ | AI12: Π | AJ12: Χ | AK12: Π | AL12: Χ | AM12: Π | AN12: Χ | AO12: Π | AP12: Χ | AQ12: Π
B13: Ιανουάριος | C13: 1 | D13: Υπόλοιπο από μεταφορά έτους 2023 | K13: 1 | L13: 0 | M13: 3 | N13: 0 | O13: 2 | P13: 0 | Q13: 2 | R13: 0 | S13: 2 | T13: 0 | U13: 1 | V13: 0 | X13: 2 | Y13: 0 | Z13: 1 | AA13: 0 | AB13: 1 | AC13: 0 | AD13: 1 | AE13: 0 | AF13: 1 | AG13: 0 | AH13: 2 | AI13: 0 | AJ13: 1 | AK13: 0 | AL13: 2 | AM13: 0 | AN13: 2 | AO13: 0 | AP13: 2 | AQ13: 0

Sheet ΓΣΤΓ(156)
A1: ΒΙΒΛΙΟ | X1: ΥΛΙΚΟΥ ΔΙΟΙΚΗΣΗΣ Π.Υ. ΝΟΜΟΥ ΚΕΡΚΥΡΑΣ
A3: Αύξων αριθμός δικαιολογητικών | B3: 2026 | D3: Σελίδα 156
D5: ΛΕΠΤΟΜΕΡΕΙΕΣ
B7: Μήνας | C7: Ημέρα
D8: Αύξων αριθμός ονομαστικού
D10: Γ.΄ΣΤ.΄Γ.΄
D12: ΦΩΤΟΓΡΑΦΙΚΟ ΥΛΙΚΟ | K12: Χ | L12: Π | M12: Χ | N12: Π | O12: Χ | P12: Π | Q12: Χ | R12: Π | S12: Χ | T12: Π | U12: Χ | V12: Π | X12: Χ | Y12: Π | Z12: Χ | AA12: Π | AB12: Χ | AC12: Π | AD12: Χ | AE12: Π | AF12: Χ | AG12: Π | AH12: Χ | AI12: Π | AJ12: Χ | AK12: Π | AL12: Χ | AM12: Π | AN12: Χ | AO12: Π | AP12: Χ | AQ12: Π
D13: Υπόλοιπο από μεταφορά έτους 2023

Sheet ΓΖΑ(158)
A1: ΒΙΒΛΙΟ | X1: ΥΛΙΚΟΥ ΔΙΟΙΚΗΣΗΣ Π.Υ. ΝΟΜΟΥ ΚΕΡΚΥΡΑΣ
A3: Αύξων αριθμός δικαιολογητικών | B3: 2026 | D3: Σελίδα 158 | K3: Αρχειοθήκες μεταλλικές διαφόρων μεγεθών | M3: Αρχειοθήκες μεταλλίκες μονόφυλλες | O3: Αρχειοθήκες ξύλινες διαφόρων μεγεθών με ή ανευ κρυστάλου | Q3: Φωτεινή Επιγραφή Π.Σ. | S3: Ιματιοθήκη γραφείου κοινή | U3: Διθέσιος καναπές | X3: Καρέκλες κοινές διάφορες | Z3: Καρέκλες μεταλλίκες | AB3: Καρέκλες Κ.Ψ.Μ. | AD3: Κομοδίνα με συρτάρια διάφορα | AF3: Κρεμάστρες (καλογεροι) | AH3: Κεραίες TV | AJ3: Πολυθρόνες διάφορες | AL3: Πολυθρόνες Τμηματάρχου | AN3: Πολυθρόνες Διοικητού | AP3: Πολυθρόνες με μπράτσο
D5: ΛΕΠΤΟΜΕΡΕΙΕΣ
B7: Μήνας | C7: Ημέρα
D8: Αύξων αριθμός ονομαστικού | K8: 1 | M8: 1α | O8: 2 | Q8: 7 | S8: 11 | U8: 12 | X8: 13 | Z8: 16 | AB8: 16β | AD8: 19 | AF8: 22 | AH8: 25 | AJ8: 31 | AL8: 33α | AN8: 33β | AP8: 34β
D10: Γ.΄Ζ.΄Α.΄
D12: ΕΠΙΠΛΑ ΚΑΙ ΣΚΕΥΗ ΑΙΘΟΥΣΩΝ | K12: Χ | L12: Π | M12: Χ | N12: Π | O12: Χ | P12: Π | Q12: Χ | R12: Π | S12: Χ | T12: Π | U12: Χ | V12: Π | X12: Χ | Y12: Π | Z12: Χ | AA12: Π | AB12: Χ | AC12: Π | AD12: Χ | AE12: Π | AF12: Χ | AG12: Π | AH12: Χ | AI12: Π | AJ12: Χ | AK12: Π | AL12: Χ | AM12: Π | AN12: Χ | AO12: Π | AP12: Χ | AQ12: Π
B13: Ιανουάριος | C13: 1 | D13: Υπόλοιπο από μεταφορά έτους 2023 | K13: 13 | L13: 0 | M13: 2 | N13: 0 | O13: 3 | P13: 0 | Q13: 1 | R13: 0 | S13: 41 | T13: 0 | U13: 22 | V13: 0 | X13: 119 | Y13: 0 | Z13: 47 | AA13: 0 | AB13: 20 | AC13: 0 | AD13: 5 | AE13: 0 | AF13: 2 | AG13: 0 | AH13: 0 | AI13: 0 | AJ13: 22 | AK13: 0 | AL13: 4 | AM13: 0 | AN13: 5 | AO13: 0 | AP13: 4 | AQ13: 0

Sheet ΓΖΑ(160)
A1: ΒΙΒΛΙΟ | X1: ΥΛΙΚΟΥ ΔΙΟΙΚΗΣΗΣ Π.Υ. ΝΟΜΟΥ ΚΕΡΚΥΡΑΣ
A3: Αύξων αριθμός δικαιολογητικών | B3: 2026 | D3: Σελίδα 160 | K3: Πάγκοι τραπεζοειδής δίαφοροι | M3: Τραπέζια κοινά διάφορα | O3: Τραπέζι τραπεζαρίας | Q3: Γραφεία ξύλινα σχηματος Π | S3: Γραφεία μεταλλικά σχήματος "Π" με ή άνευ κρυστάλου | U3: Γραφεία μεταλλικά σχήματος "Π" με η άνευ κρυστάλου | X3: Γραφεία Η/Υ | Z3: Γραφεία μεταλλικά σχήματος "Γ " με η άνευ κρυστάλου | AB3: Τραπέζια ειδικά σχεδίασεως | AD3: Γραφεία μεταλλικά εν γένει | AF3: Τηλεοράσεις LCD διαφόρων τύπων | AH3: Χρηματοκιβώτια σιδερένια | AJ3: Βιβλιοθήκες μεταλλίκες | AL3: Βιβλιοθήκες ξύλινες | AN3: Πορτατίφ διάφορα | AP3: Μηχάνημα αναρροφησης υγρών-στερεών (Ηλεκτρική σκούπα)
D5: ΛΕΠΤΟΜΕΡΕΙΕΣ
B7: Μήνας | C7: Ημέρα
D8: Αύξων αριθμός ονομαστικού | K8: 37 | M8: 53 | O8: 53α | Q8: 54 | S8: 55 | U8: 55α | X8: 56 | Z8: 57 | AB8: 61 | AD8: 63 | AF8: 66γ | AH8: 69 | AJ8: 90 | AL8: 90α | AN8: 95 | AP8: 96
D10: Γ.΄Ζ.΄Α.΄
D12: ΕΠΙΠΛΑ ΚΑΙ ΣΚΕΥΗ ΑΙΘΟΥΣΩΝ | K12: Χ | L12: Π | M12: Χ | N12: Π | O12: Χ | P12: Π | Q12: Χ | R12: Π | S12: Χ | T12: Π | U12: Χ | V12: Π | X12: Χ | Y12: Π | Z12: Χ | AA12: Π | AB12: Χ | AC12: Π | AD12: Χ | AE12: Π | AF12: Χ | AG12: Π | AH12: Χ | AI12: Π | AJ12: Χ | AK12: Π | AL12: Χ | AM12: Π | AN12: Χ | AO12: Π | AP12: Χ | AQ12: Π
B13: Ιανουάριος | C13: 1 | D13: Υπόλοιπο από μεταφορά έτους 2023 | K13: 1 | L13: 0 | M13: 29 | N13: 0 | O13: 11 | P13: 0 | Q13: 6 | R13: 0 | S13: 5 | T13: 0 | U13: 2 | V13: 0 | X13: 3 | Y13: 0 | Z13: 10 | AA13: 0 | AB13: 2 | AC13: 0 | AD13: 4 | AE13: 0 | AF13: 5 | AG13: 0 | AH13: 2 | AI13: 0 | AJ13: 3 | AK13: 0 | AL13: 4 | AM13: 0 | AN13: 10 | AO13: 0 | AP13: 4 | AQ13: 0

Sheet ΓΖΑ(162)
A1: ΒΙΒΛΙΟ | X1: ΥΛΙΚΟΥ ΔΙΟΙΚΗΣΗΣ Π.Υ. ΝΟΜΟΥ ΚΕΡΚΥΡΑΣ
A3: Αύξων αριθμός δικαιολογητικών | B3: 2026 | D3: Σελίδα 162 | K3: Τηλεοράσεις έγχρωμες | M3: Ράφια μεταλλίκα ντέξιον | O3: Συσκευή Video | Q3: Πλυντήρια ρουχων ηλεκτρικά διαφόρων τύπων | S3: Τραπεζάκι σαλονιού (ξύλινο) | U3: Τραπέζια πλαστικά | X3: Καρέκλες πλαστικές | Z3: Συσκευή FAX LANIER 2250 | AB3: Κομοδίνα γραφείου διάφορα | AD3: Καρέκλα γραφείου περιστρεφόμενη με μπράτσα | AF3: Συσκευή FAX Panasonic KX-FP151& ΚΧFP141GR | AH3: Συσκευή FAX SAMSUNG SF-650 (ΚΑΕ) | AJ3: Συσκευή FAX CANNON | AL3: Συσκευή FAX LANIER(LAISER) | AN3: Συσκευή FAX PHILIPS MAGIC 5 ECO PRIMO 2ου ΠΣ Κέρκυρας | AP3: Συρταριέρα γραφείου τροχήλατη
D5: ΛΕΠΤΟΜΕΡΕΙΕΣ
B7: Μήνας | C7: Ημέρα
D8: Αύξων αριθμός ονομαστικού | K8: 125 | M8: 143 | O8: 157 | Q8: 162 | S8: 178α | U8: 181 | X8: 181α | Z8: 184 | AB8: 186 | AD8: 202 | AF8: 209 | AH8: 211 | AJ8: 213 | AL8: 214α | AN8: 223 | AP8: 244
D10: Γ.΄Ζ.΄Α.΄
D12: ΕΠΙΠΛΑ ΚΑΙ ΣΚΕΥΗ ΑΙΘΟΥΣΩΝ | K12: Χ | L12: Π | M12: Χ | N12: Π | O12: Χ | P12: Π | Q12: Χ | R12: Π | S12: Χ | T12: Π | U12: Χ | V12: Π | X12: Χ | Y12: Π | Z12: Χ | AA12: Π | AB12: Χ | AC12: Π | AD12: Χ | AE12: Π | AF12: Χ | AG12: Π | AH12: Χ | AI12: Π | AJ12: Χ | AK12: Π | AL12: Χ | AM12: Π | AN12: Χ | AO12: Π | AP12: Χ | AQ12: Π
B13: Ιανουάριος | C13: 1 | D13: Υπόλοιπο από μεταφορά έτους 2023 | K13: 9 | L13: 0 | M13: 30 | N13: 0 | O13: 1 | P13: 0 | Q13: 1 | R13: 0 | S13: 9 | T13: 0 | U13: 10 | V13: 0 | X13: 50 | Y13: 0 | Z13: 2 | AA13: 0 | AB13: 25 | AC13: 0 | AD13: 15 | AE13: 0 | AF13: 2 | AG13: 0 | AH13: 1 | AI13: 0 | AJ13: 3 | AK13: 0 | AL13: 2 | AM13: 0 | AN13: 1 | AO13: 0 | AP13: 2 | AQ13: 0

Sheet ΓΖΑ(164)
A1: ΒΙΒΛΙΟ | X1: ΥΛΙΚΟΥ ΔΙΟΙΚΗΣΗΣ Π.Υ. ΝΟΜΟΥ ΚΕΡΚΥΡΑΣ
A3: Αύξων αριθμός δικαιολογητικών | B3: 2026 | D3: Σελίδα 164 | K3: Γραφείο Γραμματείας 1,40 Χ 0,80
D5: ΛΕΠΤΟΜΕΡΕΙΕΣ
B7: Μήνας | C7: Ημέρα
D8: Αύξων αριθμός ονομαστικού | K8: 266
D10: Γ.΄Ζ.΄Α.΄
D12: ΕΠΙΠΛΑ ΚΑΙ ΣΚΕΥΗ ΑΙΘΟΥΣΩΝ | K12: Χ | L12: Π | M12: Χ | N12: Π | O12: Χ | P12: Π | Q12: Χ | R12: Π | S12: Χ | T12: Π | U12: Χ | V12: Π | X12: Χ | Y12: Π | Z12: Χ | AA12: Π | AB12: Χ | AC12: Π | AD12: Χ | AE12: Π | AF12: Χ | AG12: Π | AH12: Χ | AI12: Π | AJ12: Χ | AK12: Π | AL12: Χ | AM12: Π | AN12: Χ | AO12: Π | AP12: Χ | AQ12: Π
B13: Ιανουάριος | C13: 1 | D13: Υπόλοιπο από μεταφορά έτους 2023 | K13: 1 | L13: 0

Sheet ΓΖΒ(166)
A1: ΒΙΒΛΙΟ | X1: ΥΛΙΚΟΥ ΔΙΟΙΚΗΣΗΣ Π.Υ. ΝΟΜΟΥ ΚΕΡΚΥΡΑΣ
A3: Αύξων αριθμός δικαιολογητικών | B3: 2026 | D3: Σελίδα 166 | K3: Συσκευές Κλιματισμού Ψύξης & Θέρμανσης | M3: Υγρό Φρέον κλιματιστικού Μηχανήματος
D5: ΛΕΠΤΟΜΕΡΕΙΕΣ
B7: Μήνας | C7: Ημέρα
D8: Αύξων αριθμός ονομαστικού | K8: 21 | M8: 50
D10: Γ.΄Ζ.΄Β.΄
D12: ΕΙΔΗ ΘΕΡΜΑΝΣΕΩΣ | K12: Χ | L12: Π | M12: Χ | N12: Π | O12: Χ | P12: Π | Q12: Χ | R12: Π | S12: Χ | T12: Π | U12: Χ | V12: Π | X12: Χ | Y12: Π | Z12: Χ | AA12: Π | AB12: Χ | AC12: Π | AD12: Χ | AE12: Π | AF12: Χ | AG12: Π | AH12: Χ | AI12: Π | AJ12: Χ | AK12: Π | AL12: Χ | AM12: Π | AN12: Χ | AO12: Π | AP12: Χ | AQ12: Π
B13: Ιανουάριος | C13: 1 | D13: Υπόλοιπο από μεταφορά έτους 2023 | K13: 5 | L13: 0 | M13: 1 | N13: 0

Sheet ΓΖΓ(168)
A1: ΒΙΒΛΙΟ | X1: ΥΛΙΚΟΥ ΔΙΟΙΚΗΣΗΣ Π.Υ. ΝΟΜΟΥ ΚΕΡΚΥΡΑΣ
A3: Αύξων αριθμός δικαιολογητικών | B3: 2026 | D3: Σελίδα 168 | K3: Σφραγίδες διαφορες | M3: Κλισέ εμβλημάτων | O3: Διατρητικά Μηχανήματα εγγράφων | Q3: Συγκροτήματα Toner Φωτοαντιγ/κών μηχανημάτων | S3: Dock Stations-Μεταλλοθήκες Μεταλλικές | U3: Ηλεκτρικές αριθμομηχανές | X3: Φωτοτυπικό Μηχάνημα ΚΟΝΙCA | Z3: Φωτοαντιγραφικό μηχάνημα Konica Minolta | AB3: Γραφομηχανές ηλεκτρικές BROTHER | AD3: Γραφομηχανές ηλεκτρικές NAGAZIMA AX-60 / AX-150 | AF3: Φωτοτυπικό Μηχάνημα SHARP τύπος AR5520 | AH3: Καλώδιο τροφοδοσιας σε μετρα | AJ3: MODEM | AL3: Σκληροί Δίσκοι Η/Υ | AN3: Σταθεροποιτής Τάσης Η/Υ UPS | AP3: Οθόνες Διάφορες
D5: ΛΕΠΤΟΜΕΡΕΙΕΣ
B7: Μήνας | C7: Ημέρα
D8: Αύξων αριθμός ονομαστικού | K8: 118 | M8: 172 | O8: 202 | Q8: 207 | S8: 368 | U8: 393 | X8: 439 | Z8: 439γ | AB8: 465 | AD8: 479 | AF8: 504 | AH8: 521α | AJ8: 524 | AL8: 535 | AN8: 549 | AP8: 557α
D10: Γ.΄Ζ.΄Γ.΄
D12: ΕΙΔΗ ΓΡΑΦΕΙΟΥ | K12: Χ | L12: Π | M12: Χ | N12: Π | O12: Χ | P12: Π | Q12: Χ | R12: Π | S12: Χ | T12: Π | U12: Χ | V12: Π | X12: Χ | Y12: Π | Z12: Χ | AA12: Π | AB12: Χ | AC12: Π | AD12: Χ | AE12: Π | AF12: Χ | AG12: Π | AH12: Χ | AI12: Π | AJ12: Χ | AK12: Π | AL12: Χ | AM12: Π | AN12: Χ | AO12: Π | AP12: Χ | AQ12: Π
B13: Ιανουάριος | C13: 1 | D13: Υπόλοιπο από μεταφορά έτους 2023 | K13: 145 | L13: 0 | M13: 1 | N13: 0 | O13: 4 | P13: 0 | Q13: 0 | R13: 0 | S13: 8 | T13: 0 | U13: 1 | V13: 0 | X13: 2 | Y13: 0 | Z13: 1 | AA13: 0 | AB13: 1 | AC13: 0 | AD13: 1 | AE13: 0 | AF13: 3 | AG13: 0 | AH13: 0 | AI13: 0 | AJ13: 2 | AK13: 0 | AL13: 18 | AM13: 0 | AN13: 1 | AO13: 0 | AP13: 4 | AQ13: 0
A14: 1 | B14: Ιούλιος | C14: 28 | D14: Εγγραφή με τ.α.α.31-2026 για αγορά ειδών από το εμπόριο(Απόφ.Ανάλ.Υποχρ 13801/22-07-2026) | K14: 3

Sheet ΓΖΓ(170)
A1: ΒΙΒΛΙΟ | X1: ΥΛΙΚΟΥ ΔΙΟΙΚΗΣΗΣ Π.Υ. ΝΟΜΟΥ ΚΕΡΚΥΡΑΣ
A3: Αύξων αριθμός δικαιολογητικών | B3: 2026 | D3: Σελίδα 170 | K3: Ηλεκτονικός Υπολογιστής πλήρης (Lexus & Turbo) | M3: Ηλεκτρικές Γραφομηχανές BROTHER AX-310 | O3: Εκτυπωτές HP Desk jet 690C Lazer Jet 2100 και Inkjet 1220C | Q3: Σταθεροποιητής τάσης Η/Υ AEG PROTECT 600VA | S3: Η/Υ Κεντρική Μονάδα AD-HOC | U3: Οθόνη Η/Υ Sony Trinitron | X3: Ηχεία Η/Υ σε ζεύγη | Z3: Μονάδα Η/Υ | AB3: Οθόνη 14΄΄ Digital | AD3: Εκτυπωτής EPSON | AF3: Ποντίκια Η/Υ | AH3: SKANER (Σαρωτής) | AJ3: Φωτοτυπικά Μηχανήματα LANIER 5020 | AL3: Ηλεκτονικός Υπολογιστής πλήρης | AN3: Οθόνες Η/Υ 17΄΄ | AP3: Οθόνη Η/Υ 17''(TFT)
D5: ΛΕΠΤΟΜΕΡΕΙΕΣ
B7: Μήνας | C7: Ημέρα
D8: Αύξων αριθμός ονομαστικού | K8: 596 | M8: 600 | O8: 623 | Q8: 626 | S8: 632 | U8: 635α | X8: 637 | Z8: 641 | AB8: 641α | AD8: 659 | AF8: 660 | AH8: 666 | AJ8: 668 | AL8: 675 | AN8: 684α | AP8: 687
D10: Γ.΄Ζ.΄Γ.΄
D12: ΕΙΔΗ ΓΡΑΦΕΙΟΥ | K12: Χ | L12: Π | M12: Χ | N12: Π | O12: Χ | P12: Π | Q12: Χ | R12: Π | S12: Χ | T12: Π | U12: Χ | V12: Π | X12: Χ | Y12: Π | Z12: Χ | AA12: Π | AB12: Χ | AC12: Π | AD12: Χ | AE12: Π | AF12: Χ | AG12: Π | AH12: Χ | AI12: Π | AJ12: Χ | AK12: Π | AL12: Χ | AM12: Π | AN12: Χ | AO12: Π | AP12: Χ | AQ12: Π
B13: Ιανουάριος | C13: 1 | D13: Υπόλοιπο από μεταφορά έτους 2023 | K13: 12 | L13: 0 | M13: 1 | N13: 0 | O13: 3 | P13: 0 | Q13: 4 | R13: 0 | S13: 4 | T13: 0 | U13: 2 | V13: 0 | X13: 3 | Y13: 0 | Z13: 3 | AA13: 0 | AB13: 1 | AC13: 0 | AD13: 2 | AE13: 0 | AF13: 3 | AG13: 0 | AH13: 1 | AI13: 0 | AJ13: 1 | AK13: 0 | AL13: 2 | AM13: 0 | AN13: 3 | AO13: 0 | AP13: 2 | AQ13: 0

Sheet ΓΖΓ(172)
A1: ΒΙΒΛΙΟ | X1: ΥΛΙΚΟΥ ΔΙΟΙΚΗΣΗΣ Π.Υ. ΝΟΜΟΥ ΚΕΡΚΥΡΑΣ
A3: Αύξων αριθμός δικαιολογητικών | B3: 2026 | D3: Σελίδα 172 | K3: Φωτοαντιγραφικό μηχάνημα ΤOSHIBA | M3: Οθόνες Η/Υ 15΄΄ | O3: Η/Υ QUEST XP 4 | Q3: Βιβλία λειτουργιών | S3: Η/Υ Quest / x | U3: ROUTER | X3: Βιβλία οδηγιών Φωτοτυπικού Μηχανήματος | Z3: Ηλεκτρονικοί Υπολογιστές | AB3: Εκτυπωτής Η/Υ | AD3: Πολυμηχάνημα (Φωτ/κό-Fax-εκτυπωτής) | AF3: Ηλεκτονικός Υπολογιστής πλήρης DELL (Δωρεα στην Πυρασφάλεια) | AH3: SWITCH | AJ3: Ηλεκτρονικός Υπολογιστής ΦΟΡΗΤΟΣ | AL3: Οθόνη Η/Υ 19''(TFT) | AN3: RACK | AP3: Ηλεκτρονικός Υπολογιστής HP
D5: ΛΕΠΤΟΜΕΡΕΙΕΣ
B7: Μήνας | C7: Ημέρα
D8: Αύξων αριθμός ονομαστικού | K8: 700 | M8: 704 | O8: 708 | Q8: 709 | S8: 710 | U8: 712 | X8: 713 | Z8: 716 | AB8: 718 | AD8: 743 | AF8: 752 | AH8: 755 | AJ8: 757 | AL8: 758 | AN8: 763 | AP8: 768
D10: Γ.΄Ζ.΄Γ.΄
D12: ΕΙΔΗ ΓΡΑΦΕΙΟΥ | K12: Χ | L12: Π | M12: Χ | N12: Π | O12: Χ | P12: Π | Q12: Χ | R12: Π | S12: Χ | T12: Π | U12: Χ | V12: Π | X12: Χ | Y12: Π | Z12: Χ | AA12: Π | AB12: Χ | AC12: Π | AD12: Χ | AE12: Π | AF12: Χ | AG12: Π | AH12: Χ | AI12: Π | AJ12: Χ | AK12: Π | AL12: Χ | AM12: Π | AN12: Χ | AO12: Π | AP12: Χ | AQ12: Π
B13: Ιανουάριος | C13: 1 | D13: Υπόλοιπο από μεταφορά έτους 2023 | K13: 1 | L13: 0 | M13: 2 | N13: 0 | O13: 2 | P13: 0 | Q13: 2 | R13: 0 | S13: 2 | T13: 0 | U13: 1 | V13: 0 | X13: 2 | Y13: 0 | Z13: 6 | AA13: 0 | AB13: 7 | AC13: 0 | AD13: 5 | AE13: 0 | AF13: 3 | AG13: 0 | AH13: 1 | AI13: 0 | AJ13: 3 | AK13: 0 | AL13: 7 | AM13: 0 | AN13: 1 | AO13: 0 | AP13: 1 | AQ13: 0

Sheet ΓΖΓ(174)
A1: ΒΙΒΛΙΟ | X1: ΥΛΙΚΟΥ ΔΙΟΙΚΗΣΗΣ Π.Υ. ΝΟΜΟΥ ΚΕΡΚΥΡΑΣ
A3: Αύξων αριθμός δικαιολογητικών | B3: 2026 | D3: Σελίδα 174 | K3: Μονάδα Η/Υ | M3: Οθόνη 22'' | O3: Φωτοαντιγραφικό μηχάνημα RICOH AFICIO | Q3: Ηλεκτρονικός Υπολογιστής VERO πλήρης | S3: Οθόνη Η/Υ 16''(TFT) μάρκας ASUS VW16'' ID | U3: Πολυμηχάνημα (Φωτ/κό-Fax-εκτυπωτής) HP LaserJet pro MFP -M127fn | X3: TABLET (Γενικά) MLS iG Brave 3G (ΠΕ.ΠΥ.Δ. Ιονίων Νήσων) | Z3: Σταθμός εργασίας (PCs) Dell Precision Tower 3620/3630 | AB3: Οθόνη Σταθμού Εργασίας LCD Dell E2316H/2318H | AD3: Υπολογιστής οχήματος Δ/σης. Rugged tablet TA10 με λογισμικό, φορτιστή αυτοκινήτου, θήκη & τσάντα μεταφοράς | AF3: Θήκες Μεταφοράς Laptop | AH3: Ακουστικά-Μικρόφωνα Τηλεδιάσκεψης | AJ3: Κάμερες Τηλεδιάσκεψης | AL3: Έγχρωμος Σαρωτής | AN3: Μνήμες Γενικά Απεριόριστων GB | AP3: Ανταλλακτικά Ηλεκτρονικών Υπολογιστών
D5: ΛΕΠΤΟΜΕΡΕΙΕΣ
B7: Μήνας | C7: Ημέρα
D8: Αύξων αριθμός ονομαστικού | K8: 774 | M8: 777 | O8: 778 | Q8: 784 | S8: 785 | U8: 788 | X8: 791 | Z8: 795 | AB8: 796 | AD8: 797 | AF8: 799 | AH8: 800 | AJ8: 801 | AL8: 802 | AN8: 803 | AP8: 477
D10: Γ.΄Ζ.΄Γ.΄
D12: ΕΙΔΗ ΓΡΑΦΕΙΟΥ | K12: Χ | L12: Π | M12: Χ | N12: Π | O12: Χ | P12: Π | Q12: Χ | R12: Π | S12: Χ | T12: Π | U12: Χ | V12: Π | X12: Χ | Y12: Π | Z12: Χ | AA12: Π | AB12: Χ | AC12: Π | AD12: Χ | AE12: Π | AF12: Χ | AG12: Π | AH12: Χ | AI12: Π | AJ12: Χ | AK12: Π | AL12: Χ | AM12: Π | AN12: Χ | AO12: Π | AP12: Χ | AQ12: Π
B13: Ιανουάριος | C13: 1 | D13: Υπόλοιπο από μεταφορά έτους 2023 | K13: 4 | L13: 0 | M13: 9 | N13: 0 | O13: 1 | P13: 0 | Q13: 1 | R13: 0 | S13: 1 | T13: 0 | U13: 1 | V13: 0 | X13: 4 | Y13: 0 | Z13: 4 | AA13: 0 | AB13: 8 | AC13: 0 | AD13: 5 | AE13: 0 | AF13: 2 | AG13: 0 | AH13: 2 | AI13: 0 | AJ13: 2 | AK13: 0 | AL13: 1 | AM13: 0 | AN13: 18 | AO13: 0 | AP13: 1 | AQ13: 0

Sheet ΓΖΔ(176)
A1: ΒΙΒΛΙΟ | X1: ΥΛΙΚΟΥ ΔΙΟΙΚΗΣΗΣ Π.Υ. ΝΟΜΟΥ ΚΕΡΚΥΡΑΣ
A3: Αύξων αριθμός δικαιολογητικών | B3: 2026 | D3: Σελίδα 176 | K3: Κώδωνες χειρός συνεγερμού | M3: Μετροταινία | O3: Πίνακες Διάφοροι, Διαφόρων Γραμμών Διανομής Ρεύματος | Q3: Απορροφητήρας Κουζίνας Διαφόρων Τύπων | S3: Κινητά τηλέφωνα | U3: Τηλεφωνικές συσκευές με αναγνώριση | X3: Εξυπνο κινητό LG (C.3.2.1.6) και θήκη μεταφοράς | Z3: Βαλβίδες Διάφορες | AB3: Ρακόρ Διάφορα Σωλήνων | AD3: Σωλήνες Διάφοροι ύδρευσης εγκαταστάσεων(μέτρα) | AF3: Γωνίες Σωλήνων | AH3: Ταφ Σωλήνων | AJ3: Αντλίες Λυμάτων | AL3: Ντουλάπια Μελαμίνης | AN3: Γυψοσανίδες | AP3: Πόρτες με ή χωρίς υαλοπίνακα γενικά
D5: ΛΕΠΤΟΜΕΡΕΙΕΣ
B7: Μήνας | C7: Ημέρα
D8: Αύξων αριθμός ονομαστικού | K8: 29 | M8: 46 | O8: 57 | Q8: 186 | S8: 334 | U8: 348 | X8: 388 | Z8: 54α | AB8: 62 | AD8: 67 | AF8: 120 | AH8: 123 | AJ8: 266 | AL8: 311 | AN8: 344 | AP8: 21
D10: Γ.΄Ζ.΄Δ.΄
D12: ΥΛΙΚΑ ΚΤΙΡΙΩΝ | K12: Χ | L12: Π | M12: Χ | N12: Π | O12: Χ | P12: Π | Q12: Χ | R12: Π | S12: Χ | T12: Π | U12: Χ | V12: Π | X12: Χ | Y12: Π | Z12: Χ | AA12: Π | AB12: Χ | AC12: Π | AD12: Χ | AE12: Π | AF12: Χ | AG12: Π | AH12: Χ | AI12: Π | AJ12: Χ | AK12: Π | AL12: Χ | AM12: Π | AN12: Χ | AO12: Π | AP12: Χ | AQ12: Π
B13: Ιανουάριος | C13: 1 | D13: Υπόλοιπο από μεταφορά έτους 2023 | K13: 1 | L13: 0 | M13: 8 | N13: 0 | O13: 4 | P13: 0 | Q13: 1 | R13: 0 | S13: 1 | T13: 0 | U13: 2 | V13: 0 | X13: 7 | Y13: 0 | Z13: 15 | AA13: 0 | AB13: 10 | AC13: 0 | AD13: 120 | AE13: 0 | AF13: 25 | AG13: 0 | AH13: 8 | AI13: 0 | AJ13: 2 | AK13: 0 | AL13: 1 | AM13: 0 | AN13: 7 | AO13: 0 | AP13: 2 | AQ13: 0
A14: 1 | B14: Ιούνιος | C14: 26 | D14: Έγγραφή με τ.α.α.28 για αγορά ειδών από το εμπόριο(Αποφ.Ανάλ.Υποχρ.3280/09-03-2026) | AN14: 50
A15: 2 | B15: Ιούλιος | C15: 29 | D15: Έγγραφή με τ.α.α.32 για αγορά ειδών από το εμπόριο(Αποφ.Ανάλ.Υποχρ.13660/21-07-2026) | Z15: 13 | AB15: 17 | AD15: 100 | AF15: 4
A16: 3 | B16: Ιούλιος | C16: 31 | D16: Έγγραφή με τ.α.α.41 για αγορά ειδών από το εμπόριο(Αποφ.Ανάλ.Υποχρ.13898/23-07-2026) | Z16: 2
A17: 4 | B17: Αύγουστος | C17: 6 | D17: Έγγραφή με τ.α.α.45 για αγορά ειδών από το εμπόριο(Αποφ.Ανάλ.Υποχρ.3280/09-03-2026) | O17: 4 | Q17: 1 | AF17: 47

Sheet ΓΖΔ(178)
A1: ΒΙΒΛΙΟ | X1: ΥΛΙΚΟΥ ΔΙΟΙΚΗΣΗΣ Π.Υ. ΝΟΜΟΥ ΚΕΡΚΥΡΑΣ
A3: Αύξων αριθμός δικαιολογητικών | B3: 2026 | D3: Σελίδα 178 | K3: Ηλιακός Θερμοσίφωνας | M3: Καλώδια Ηλεκτρικών Εγκαταστάσεων Γενικά | O3: Γυρλάντες Φωτιστικές | Q3: Μπρίζες Ηλεκτρικών Εγκαταστάσεων Διάφορες | S3: Διακόπτες Ηλεκτρικών Εγκαταστάσεων Διάφοροι | U3: Στηρίγματα Παραθύρων | X3: Στόκος σε Σάκους | Z3: Χρώματα Οικοδομών Διάφορα | AB3: Στηρίγματα Διάφορα - Υποστηλώματα | AD3: Κεραμίδια Διάφορα | AF3: Σήτα Πλαστική | AH3: Παράθυρα Αλουμινίου | AJ3: Σωλήνες Αποχέτευσης | AL3: Εξαρτήματα Πινάκων Διανομής Ρεύματος | AN3: Σωλήνες Διακοσμητικοί - Κανάλια | AP3: Ανεμιστήρες Οροφής
D5: ΛΕΠΤΟΜΕΡΕΙΕΣ
B7: Μήνας | C7: Ημέρα
D8: Αύξων αριθμός ονομαστικού | K8: 227 | M8: 24 | O8: 8 | Q8: 125 | S8: 133α | U8: 65 | X8: 109 | Z8: 118 | AB8: 64α | AD8: 226 | AF8: 235 | AH8: 56α | AJ8: 68α | AL8: 57α | AN8: 70 | AP8: 1α
D10: Γ.΄Ζ.΄Δ.΄
D12: ΥΛΙΚΑ ΚΤΙΡΙΩΝ | K12: Χ | L12: Π | M12: Χ | N12: Π | O12: Χ | P12: Π | Q12: Χ | R12: Π | S12: Χ | T12: Π | U12: Χ | V12: Π | X12: Χ | Y12: Π | Z12: Χ | AA12: Π | AB12: Χ | AC12: Π | AD12: Χ | AE12: Π | AF12: Χ | AG12: Π | AH12: Χ | AI12: Π | AJ12: Χ | AK12: Π | AL12: Χ | AM12: Π | AN12: Χ | AO12: Π | AP12: Χ | AQ12: Π
D13: Υπόλοιπο από μεταφορά έτους 2023 | K13: 2 | L13: 0 | M13: 13 | N13: 0 | O13: 105 | P13: 0 | Q13: 50 | R13: 0 | S13: 50 | T13: 0 | U13: 1 | V13: 0 | X13: 103 | Y13: 0 | Z13: 98 | AA13: 0 | AB13: 3050 | AC13: 0 | AD13: 550 | AE13: 0 | AF13: 550 | AG13: 0 | AH13: 1 | AI13: 0
A14: 1 | X14: 19 | AN14: 273
A15: 2
A16: 3
A17: 4 | M17: 5359 | O17: 296 | Q17: 295 | S17: 54 | AL17: 1076 | AN17: 27

Sheet ΓΖΔ(180)
A1: ΒΙΒΛΙΟ | X1: ΥΛΙΚΟΥ ΔΙΟΙΚΗΣΗΣ Π.Υ. ΝΟΜΟΥ ΚΕΡΚΥΡΑΣ
A3: Αύξων αριθμός δικαιολογητικών | B3: 2026 | D3: Σελίδα 180 | K3: Κόλλα Πλακιδίων | M3: Πλακίδια Δαπέδου | O3: Μπαταρίες Νιπτήρα | Q3: Νιπτήρες Πλήρεις | S3: Καθρέπτες | U3: Νεροχύτες | X3: Σωλήνες Ελαστικοί Πλυντηρίου | Z3: Μαστοί Πλυντηρίου | AB3: Ράφια Μελαμίνης | AD3: Πιστόλι Σιλικόνης | AF3: Δίχαλα Καρφωτικά Ξυλουργού | AH3: Υαλοπίνακες Κοινοί
D5: ΛΕΠΤΟΜΕΡΕΙΕΣ
B7: Μήνας | C7: Ημέρα
D8: Αύξων αριθμός ονομαστικού | K8: 249 | M8: 155α | O8: 49α | Q8: 53 | S8: 23 | U8: 54 | X8: 71 | Z8: 52 | AB8: 311β | AD8: 350 | AF8: 27 | AH8: 89
D10: Γ.΄Ζ.΄Δ.΄
D12: ΥΛΙΚΑ ΚΤΙΡΙΩΝ | K12: Χ | L12: Π | M12: Χ | N12: Π | O12: Χ | P12: Π | Q12: Χ | R12: Π | S12: Χ | T12: Π | U12: Χ | V12: Π | X12: Χ | Y12: Π | Z12: Χ | AA12: Π | AB12: Χ | AC12: Π | AD12: Χ | AE12: Π | AF12: Χ | AG12: Π | AH12: Χ | AI12: Π | AJ12: Χ | AK12: Π | AL12: Χ | AM12: Π | AN12: Χ | AO12: Π | AP12: Χ | AQ12: Π
D13: Υπόλοιπο από μεταφορά έτους 2023
A14: 1
A15: 2
A16: 3
A17: 4

Sheet ΔΑΑ(182)
A1: ΒΙΒΛΙΟ | X1: ΥΛΙΚΟΥ ΔΙΟΙΚΗΣΗΣ Π.Υ. ΝΟΜΟΥ ΚΕΡΚΥΡΑΣ
A3: Αύξων αριθμός δικαιολογητικών | B3: 2026 | D3: Σελίδα 182 | K3: Προβολέας διαφανειών (διαφανο-σκόποιο) | M3: Οθόνη προβολέα διαφανειών
D5: ΛΕΠΤΟΜΕΡΕΙΕΣ
B7: Μήνας | C7: Ημέρα
D8: Αύξων αριθμός ονομαστικού | K8: 248 | M8: 249
D10: Δ.΄Α.΄Α.΄
D12: ΗΛΕΚΤΡΟΜΑΓΝΗΤΙΚΟ ΥΛΙΚΟ ( ΜΕΣΑ & ΕΙΔΗ ΔΙΔΑΣΚΑΛΙΑΣ) | K12: Χ | L12: Π | M12: Χ | N12: Π | O12: Χ | P12: Π | Q12: Χ | R12: Π | S12: Χ | T12: Π | U12: Χ | V12: Π | X12: Χ | Y12: Π | Z12: Χ | AA12: Π | AB12: Χ | AC12: Π | AD12: Χ | AE12: Π | AF12: Χ | AG12: Π | AH12: Χ | AI12: Π | AJ12: Χ | AK12: Π | AL12: Χ | AM12: Π | AN12: Χ | AO12: Π | AP12: Χ | AQ12: Π
B13: Ιανουάριος | C13: 1 | D13: Υπόλοιπο από μεταφορά έτους 2023 | K13: 1 | L13: 0 | M13: 1 | N13: 0

Sheet ΔΒΑ(184)
A1: ΒΙΒΛΙΟ | X1: ΥΛΙΚΟΥ ΔΙΟΙΚΗΣΗΣ Π.Υ. ΝΟΜΟΥ ΚΕΡΚΥΡΑΣ
A3: Αύξων αριθμός δικαιολογητικών | B3: 2026 | D3: Σελίδα 184 | K3: Μονόζυγο | M3: Ίσιος Πάγκος | O3: Αλτήρες Βιδωτοί | Q3: Δίσκοι 5kg-20kg | S3: Μπάρες | U3: Μπιλίαρδο πλήρες | X3: Επικλινής Πάγκος | Z3: Ποδήλατο | AB3: Πάγκος με ορθοστάτες | AD3: Αναστημομέτρο SECA 213 | AF3: Πολυόργανο | AH3: Σάκος Πυγμαχίας
D5: ΛΕΠΤΟΜΕΡΕΙΕΣ
B7: Μήνας | C7: Ημέρα
D8: Αύξων αριθμός ονομαστικού | K8: 22 | M8: 24 | O8: 26 | Q8: 27 | S8: 28 | U8: 41 | X8: 59 | Z8: 62 | AB8: 63 | AD8: 69 | AF8: 92 | AH8: 111
D10: Δ.΄Β.΄Α.΄
D12: ΕΙΔΗ ΑΘΛΗΣΗΣ | K12: Χ | L12: Π | M12: Χ | N12: Π | O12: Χ | P12: Π | Q12: Χ | R12: Π | S12: Χ | T12: Π | U12: Χ | V12: Π | X12: Χ | Y12: Π | Z12: Χ | AA12: Π | AB12: Χ | AC12: Π | AD12: Χ | AE12: Π | AF12: Χ | AG12: Π | AH12: Χ | AI12: Π | AJ12: Χ | AK12: Π | AL12: Χ | AM12: Π | AN12: Χ | AO12: Π | AP12: Χ | AQ12: Π
B13: Ιανουάριος | C13: 1 | D13: Υπόλοιπο από μεταφορά έτους 2023 | K13: 1 | L13: 0 | M13: 1 | N13: 0 | O13: 4 | P13: 0 | Q13: 8 | R13: 0 | S13: 2 | T13: 0 | U13: 1 | V13: 0 | X13: 1 | Y13: 0 | Z13: 1 | AA13: 0 | AB13: 1 | AC13: 0 | AD13: 2 | AE13: 0 | AF13: 1 | AG13: 0 | AH13: 1 | AI13: 0

Sheet ΔΒΒ(186)
A1: ΒΙΒΛΙΟ | X1: ΥΛΙΚΟΥ ΔΙΟΙΚΗΣΗΣ Π.Υ. ΝΟΜΟΥ ΚΕΡΚΥΡΑΣ
A3: Αύξων αριθμός δικαιολογητικών | B3: 2026 | D3: Σελίδα 186 | K3: Βιβλία ποινικού κώδικα | M3: θήκες χαρτών και σημειώσεων | O3: Σειρές χαρτών Ελλάδας | Q3: Κώδικας ποινικής δικονομίας | S3: Ορθογραφικό λεξικό | U3: Εγκύκλοπαιδεια Νόμπελ σε σειρές | X3: Ιστορία Στρατού σε σειρές | Z3: Ιστορία Ελληνικού Εθνους τόμοι | AB3: Βιβλίο Α΄Βοηθειών | AD3: Κύπρος | AF3: Σύγχρονος κόσμος και νεεότητα | AH3: Κοινωνικά εγλήματα | AJ3: Οργάνωση Δημοσίων Υπηρεσιών | AL3: Ιστορία νεότερης Ελλάδος | AN3: Νομοθεσία Πυρ/κού Σώματος | AP3: ΚΕΥΠΣ
D5: ΛΕΠΤΟΜΕΡΕΙΕΣ
B7: Μήνας | C7: Ημέρα
D8: Αύξων αριθμός ονομαστικού | K8: 1 | M8: 12 | O8: 16 | Q8: 62 | S8: 70 | U8: 78 | X8: 88 | Z8: 89 | AB8: 92 | AD8: 94 | AF8: 96 | AH8: 99 | AJ8: 100 | AL8: 101 | AN8: 102 | AP8: 102α
D10: Δ.΄Β.΄Β.΄
D12: ΒΙΒΛΙΑ ΚΑΝΟΝΙΣΜΟΙ - ΧΑΡΤΕΣ | K12: Χ | L12: Π | M12: Χ | N12: Π | O12: Χ | P12: Π | Q12: Χ | R12: Π | S12: Χ | T12: Π | U12: Χ | V12: Π | X12: Χ | Y12: Π | Z12: Χ | AA12: Π | AB12: Χ | AC12: Π | AD12: Χ | AE12: Π | AF12: Χ | AG12: Π | AH12: Χ | AI12: Π | AJ12: Χ | AK12: Π | AL12: Χ | AM12: Π | AN12: Χ | AO12: Π | AP12: Χ | AQ12: Π
B13: Ιανουάριος | C13: 1 | D13: Υπόλοιπο από μεταφορά έτους 2023 | K13: 3 | L13: 0 | M13: 1 | N13: 0 | O13: 4 | P13: 0 | Q13: 2 | R13: 0 | S13: 1 | T13: 0 | U13: 2 | V13: 0 | X13: 1 | Y13: 0 | Z13: 5 | AA13: 0 | AB13: 1 | AC13: 0 | AD13: 1 | AE13: 0 | AF13: 1 | AG13: 0 | AH13: 1 | AI13: 0 | AJ13: 1 | AK13: 0 | AL13: 1 | AM13: 0 | AN13: 1 | AO13: 0 | AP13: 3 | AQ13: 0

Sheet ΔΒΒ(188)
A1: ΒΙΒΛΙΟ | X1: ΥΛΙΚΟΥ ΔΙΟΙΚΗΣΗΣ Π.Υ. ΝΟΜΟΥ ΚΕΡΚΥΡΑΣ
A3: Αύξων αριθμός δικαιολογητικών | B3: 2026 | D3: Σελίδα 188 | K3: Βιβλία φοροτεχνικά | M3: Κώδικας πυροπροστασία Υ.Π.Α. | O3: Βιβλία συνταξιοδότηση Δημοσίων Υπαλλήλων | Q3: Βιβλία Πυρασφαλείας αεροδρομίων και επέμβασης αερ/κων ατυχτων | S3: Βιβλία επικύνδυνα φορτία | U3: Βιβλία μέθοδοι και κανονισμοί εκπαίδευσης | X3: Μουσικό ευχολόγιο | Z3: Ολυμπιακό Ιδεώδες | AB3: Βιβλία Δαπάνες Κίνησης Δημοσίων Υπηρεσιών | AD3: Κατάρα της Ασίας | AF3: Βιβλία Δίκαιο προμηθειών | AH3: Προανάκριση στα εγκλήματα του Εμπρησμού | AJ3: Βιβλία εμπρησμός στο ισχύον Δίκαιο | AL3: Διαφάνιες ανταλακτικών
D5: ΛΕΠΤΟΜΕΡΕΙΕΣ
B7: Μήνας | C7: Ημέρα
D8: Αύξων αριθμός ονομαστικού | K8: 135 | M8: 146 | O8: 147 | Q8: 150 | S8: 152 | U8: 155 | X8: 162 | Z8: 175 | AB8: 177 | AD8: 194 | AF8: 195 | AH8: 240 | AJ8: 243 | AL8: 248
D10: Δ.΄Β.΄Β.΄
D12: ΒΙΒΛΙΑ ΚΑΝΟΝΙΣΜΟΙ - ΧΑΡΤΕΣ | K12: Χ | L12: Π | M12: Χ | N12: Π | O12: Χ | P12: Π | Q12: Χ | R12: Π | S12: Χ | T12: Π | U12: Χ | V12: Π | X12: Χ | Y12: Π | Z12: Χ | AA12: Π | AB12: Χ | AC12: Π | AD12: Χ | AE12: Π | AF12: Χ | AG12: Π | AH12: Χ | AI12: Π | AJ12: Χ | AK12: Π | AL12: Χ | AM12: Π | AN12: Χ | AO12: Π | AP12: Χ | AQ12: Π
B13: Ιανουάριος | C13: 1 | D13: Υπόλοιπο από μεταφορά έτους 2023 | K13: 1 | L13: 0 | M13: 1 | N13: 0 | O13: 1 | P13: 0 | Q13: 32 | R13: 0 | S13: 1 | T13: 0 | U13: 2 | V13: 0 | X13: 1 | Y13: 0 | Z13: 1 | AA13: 0 | AB13: 1 | AC13: 0 | AD13: 1 | AE13: 0 | AF13: 1 | AG13: 0 | AH13: 3 | AI13: 0 | AJ13: 2 | AK13: 0 | AL13: 1 | AM13: 0

Sheet ΔΒΒ(190)
A1: ΒΙΒΛΙΟ | X1: ΥΛΙΚΟΥ ΔΙΟΙΚΗΣΗΣ Π.Υ. ΝΟΜΟΥ ΚΕΡΚΥΡΑΣ
A3: Αύξων αριθμός δικαιολογητικών | B3: 2026 | D3: Σελίδα 190
D5: ΛΕΠΤΟΜΕΡΕΙΕΣ
B7: Μήνας | C7: Ημέρα
D8: Αύξων αριθμός ονομαστικού
D10: Δ.΄Β.΄Β.΄
D12: ΒΙΒΛΙΑ ΚΑΝΟΝΙΣΜΟΙ - ΧΑΡΤΕΣ | K12: Χ | L12: Π | M12: Χ | N12: Π | O12: Χ | P12: Π | Q12: Χ | R12: Π | S12: Χ | T12: Π | U12: Χ | V12: Π | X12: Χ | Y12: Π | Z12: Χ | AA12: Π | AB12: Χ | AC12: Π | AD12: Χ | AE12: Π | AF12: Χ | AG12: Π | AH12: Χ | AI12: Π | AJ12: Χ | AK12: Π | AL12: Χ | AM12: Π | AN12: Χ | AO12: Π | AP12: Χ | AQ12: Π
D13: Υπόλοιπο από μεταφορά έτους 2023

Sheet ΔΒΔ(192)
A1: ΒΙΒΛΙΟ | X1: ΥΛΙΚΟΥ ΔΙΟΙΚΗΣΗΣ Π.Υ. ΝΟΜΟΥ ΚΕΡΚΥΡΑΣ
A3: Αύξων αριθμός δικαιολογητικών | B3: 2026 | D3: Σελίδα 192 | K3: Περίστροφα SMITH | M3: Φυσίγγια περιστρόφων | O3: Θήκες περιστρόφων | Q3: Χειροπέδες
D5: ΛΕΠΤΟΜΕΡΕΙΕΣ
B7: Μήνας | C7: Ημέρα
D8: Αύξων αριθμός ονομαστικού | K8: 1 | M8: 2 | O8: 3 | Q8: 7
D10: Δ.΄Β.΄Δ.΄
D12: ΕΙΔΗ ΟΠΛΙΣΜΟΥ | K12: Χ | L12: Π | M12: Χ | N12: Π | O12: Χ | P12: Π | Q12: Χ | R12: Π | S12: Χ | T12: Π | U12: Χ | V12: Π | X12: Χ | Y12: Π | Z12: Χ | AA12: Π | AB12: Χ | AC12: Π | AD12: Χ | AE12: Π | AF12: Χ | AG12: Π | AH12: Χ | AI12: Π | AJ12: Χ | AK12: Π | AL12: Χ | AM12: Π | AN12: Χ | AO12: Π | AP12: Χ | AQ12: Π
B13: Ιανουάριος | C13: 1 | D13: Υπόλοιπο από μεταφορά έτους 2023 | K13: 5 | L13: 0 | M13: 240 | N13: 0 | O13: 5 | P13: 0 | Q13: 3 | R13: 0

Sheet ΔΒΕ(194)
A1: ΒΙΒΛΙΟ | X1: ΥΛΙΚΟΥ ΔΙΟΙΚΗΣΗΣ Π.Υ. ΝΟΜΟΥ ΚΕΡΚΥΡΑΣ
A3: Αύξων αριθμός δικαιολογητικών | B3: 2026 | D3: Σελίδα 194 | K3: Υδραυλικός κόφτης | M3: Κεφαλές πίεσης | O3: Τάκοι διάφοροι | Q3: Μηχανικός γρύλος υδραυλικής πίεσης | S3: Χειροκίνητος υδραυλικός γρύλος-Λατέρνα | U3: Αδιάβροχες Ζακέτες | X3: Αντανακλαστικά γιλέκα | Z3: Γάντια πυράντοχα σε Ζεύγη | AB3: Κουλούρα με σχοινί 50μ καθεμιά 16αρι τεμάχια | AD3: Ζώνη ασφαλείας < 5> σημείων | AF3: Εργαλειοθήκη Ανευ εργαλείων Τεχνίτη Τηλ/νιών-Ιμάντες των 5μέτρων (Δύο τεμ.) | AH3: Φορεία σπαστά | AJ3: Νοσοκομειακές κουβέρτες | AL3: Φανοί Χειρός Επαναφορτιζόμενοι | AN3: Βάση Εδάφους για στήριξη προβολέα | AP3: Προβολείς 1000 -1500 Watt
D5: ΛΕΠΤΟΜΕΡΕΙΕΣ
B7: Μήνας | C7: Ημέρα
D8: Αύξων αριθμός ονομαστικού | K8: 1 | M8: 3 | O8: 10α | Q8: 15 | S8: 15α | U8: 17 | X8: 18 | Z8: 25 | AB8: 38 | AD8: 39 | AF8: 39α | AH8: 42 | AJ8: 45 | AL8: 49α | AN8: 50α | AP8: 50β
D10: Δ.΄Β.΄Ε.΄
D12: ΕΞΟΠΛΙΣΜΟΣ ΕΙΔΙΚΩΝ ΟΧΗΜΑΤΩΝ | K12: Χ | L12: Π | M12: Χ | N12: Π | O12: Χ | P12: Π | Q12: Χ | R12: Π | S12: Χ | T12: Π | U12: Χ | V12: Π | X12: Χ | Y12: Π | Z12: Χ | AA12: Π | AB12: Χ | AC12: Π | AD12: Χ | AE12: Π | AF12: Χ | AG12: Π | AH12: Χ | AI12: Π | AJ12: Χ | AK12: Π | AL12: Χ | AM12: Π | AN12: Χ | AO12: Π | AP12: Χ | AQ12: Π
B13: Ιανουάριος | C13: 1 | D13: Υπόλοιπο από μεταφορά έτους 2023 | K13: 5 | L13: 0 | M13: 4 | N13: 0 | O13: 44 | P13: 0 | Q13: 7 | R13: 0 | S13: 7 | T13: 0 | U13: 42 | V13: 0 | X13: 60 | Y13: 0 | Z13: 23 | AA13: 0 | AB13: 6 | AC13: 0 | AD13: 1 | AE13: 0 | AF13: 3 | AG13: 0 | AH13: 12 | AI13: 0 | AJ13: 2 | AK13: 0 | AL13: 18 | AM13: 0 | AN13: 8 | AO13: 0 | AP13: 15 | AQ13: 0
A14: 1 | B14: Μάιος | C14: 22 | D14: Εγγραφή με τ.α.α.1660 ΥΔΙΠΥΛ για Π.Σ.5479 (Δγη 12424 Φ.544.1/02-03-2026) | AN14: 1
A15: 2 | B15: Αύγουστος | C15: 3 | D15: Εγγραφή με τ.α.α. 2104/ΥΔΙΠΥΛ για Διασωστικά εργαλεία(Δγη 56430 Φ.527.1/08-10-2026)

Sheet ΔΒΕ(196)
A1: ΒΙΒΛΙΟ | X1: ΥΛΙΚΟΥ ΔΙΟΙΚΗΣΗΣ Π.Υ. ΝΟΜΟΥ ΚΕΡΚΥΡΑΣ
A3: Αύξων αριθμός δικαιολογητικών | B3: 2026 | D3: Σελίδα 196 | K3: Μπαλόνια φωτισμού | M3: Τρίποδες στήριξης προβολέων | O3: Τύμπανο με καλώδιο | Q3: Τραπεζοειδή υποστηλωμάτα | S3: Χειροκίνητη αντλία | U3: Επίπεδες βάσεις | X3: Σφήνες διάφορες | Z3: Συρματόσχοινα ρυμουλκήσεως σε ειδική θήκη | AB3: Σιδηροπρίονα | AD3: Πλαστικοί κώνοι σημανσης | AF3: Κορίνες Σήμανσης | AH3: Προστατευτικά καλλύμματα | AJ3: Υδραυλικός Διαστολέας | AL3: Μίνι Διαστολέας | AN3: Μηχανική υδραυλική αντλία | AP3: Σετ αλυσίδες
D5: ΛΕΠΤΟΜΕΡΕΙΕΣ
B7: Μήνας | C7: Ημέρα
D8: Αύξων αριθμός ονομαστικού | K8: 50γ | M8: 51 | O8: 52 | Q8: 69α | S8: 77 | U8: 85 | X8: 90 | Z8: 96 | AB8: 106α | AD8: 152 | AF8: 152α | AH8: 176β | AJ8: 197 | AL8: 197β | AN8: 198 | AP8: 199
D10: Δ.΄Β.΄Ε.΄
D12: ΕΞΟΠΛΙΣΜΟΣ ΕΙΔΙΚΩΝ ΟΧΗΜΑΤΩΝ | K12: Χ | L12: Π | M12: Χ | N12: Π | O12: Χ | P12: Π | Q12: Χ | R12: Π | S12: Χ | T12: Π | U12: Χ | V12: Π | X12: Χ | Y12: Π | Z12: Χ | AA12: Π | AB12: Χ | AC12: Π | AD12: Χ | AE12: Π | AF12: Χ | AG12: Π | AH12: Χ | AI12: Π | AJ12: Χ | AK12: Π | AL12: Χ | AM12: Π | AN12: Χ | AO12: Π | AP12: Χ | AQ12: Π
B13: Ιανουάριος | C13: 1 | D13: Υπόλοιπο από μεταφορά έτους 2023 | K13: 3 | L13: 0 | M13: 6 | N13: 0 | O13: 6 | P13: 0 | Q13: 4 | R13: 0 | S13: 1 | T13: 0 | U13: 4 | V13: 0 | X13: 18 | Y13: 0 | Z13: 3 | AA13: 0 | AB13: 3 | AC13: 0 | AD13: 62 | AE13: 0 | AF13: 20 | AG13: 0 | AH13: 35 | AI13: 0 | AJ13: 6 | AK13: 0 | AL13: 2 | AM13: 0 | AN13: 2 | AO13: 0 | AP13: 2 | AQ13: 0
A14: 1
A15: 2

Sheet ΔΒΕ(198)
A1: ΒΙΒΛΙΟ | X1: ΥΛΙΚΟΥ ΔΙΟΙΚΗΣΗΣ Π.Υ. ΝΟΜΟΥ ΚΕΡΚΥΡΑΣ
A3: Αύξων αριθμός δικαιολογητικών | B3: 2026 | D3: Σελίδα 198 | K3: Ανυψωτικά Μαξιλάρια διαφόρων μεγεθών | M3: Ζεύγη σωλήνων Υψηλής πίεσης | O3: Μονές διατάξεις αέρος | Q3: Διπλό χειριστήριο | S3: Σωλήνες υψηλής πίεσης | U3: Ειδικά μαχαιρίδια κοπής Ζωνών ασφαλείας οχημάτων | X3: Ταινίες σήμανσης σε τεμ. και σε μέτρα | Z3: Υδραυλικός τηλεσκοπικός γρύλλος | AB3: Ζουμπάς θραύσης κρυστάλων | AD3: Υδραυλικό εξάρτημα Διαστολέας-Κόφτης | AF3: Μονές διατάξεις διατήρησης της πίεσης | AH3: Χειροκίνητη υδραυλική αντλία | AJ3: Επεκτάσεις γρύλων | AL3: Σφήνες αναστολής κίνησης | AN3: Διανεμητές λαδιού | AP3: Ζώνες έλξεως μετα καστάνιας
D5: ΛΕΠΤΟΜΕΡΕΙΕΣ
B7: Μήνας | C7: Ημέρα
D8: Αύξων αριθμός ονομαστικού | K8: 200 | M8: 201 | O8: 202β | Q8: 203 | S8: 204 | U8: 205 | X8: 209 | Z8: 226γ | AB8: 247 | AD8: 252 | AF8: 257 | AH8: 258 | AJ8: 259 | AL8: 261 | AN8: 263 | AP8: 264
D10: Δ.΄Β.΄Ε.΄
D12: ΕΞΟΠΛΙΣΜΟΣ ΕΙΔΙΚΩΝ ΟΧΗΜΑΤΩΝ | K12: Χ | L12: Π | M12: Χ | N12: Π | O12: Χ | P12: Π | Q12: Χ | R12: Π | S12: Χ | T12: Π | U12: Χ | V12: Π | X12: Χ | Y12: Π | Z12: Χ | AA12: Π | AB12: Χ | AC12: Π | AD12: Χ | AE12: Π | AF12: Χ | AG12: Π | AH12: Χ | AI12: Π | AJ12: Χ | AK12: Π | AL12: Χ | AM12: Π | AN12: Χ | AO12: Π | AP12: Χ | AQ12: Π
B13: Ιανουάριος | C13: 1 | D13: Υπόλοιπο από μεταφορά έτους 2023 | K13: 43 | L13: 0 | M13: 11 | N13: 0 | O13: 2 | P13: 0 | Q13: 5 | R13: 0 | S13: 15 | T13: 0 | U13: 18 | V13: 0 | X13: 4464 | Y13: 0 | Z13: 5 | AA13: 0 | AB13: 1 | AC13: 0 | AD13: 2 | AE13: 0 | AF13: 8 | AG13: 0 | AH13: 9 | AI13: 0 | AJ13: 8 | AK13: 0 | AL13: 20 | AM13: 0 | AN13: 2 | AO13: 0 | AP13: 10 | AQ13: 0
A14: 1
A15: 2

Sheet ΔΒΕ(200)
A1: ΒΙΒΛΙΟ | X1: ΥΛΙΚΟΥ ΔΙΟΙΚΗΣΗΣ Π.Υ. ΝΟΜΟΥ ΚΕΡΚΥΡΑΣ
A3: Αύξων αριθμός δικαιολογητικών | B3: 2026 | D3: Σελίδα 200 | K3: Εγχειρίδια οδηγιών και λειτουργίας | M3: Τηλεσκοπικός κύλινδρος | O3: Μηχανοκίνητη υδραυλική αντλία | Q3: Σύστημα έλξης | S3: Διασωστικό πολυεργαλείο HOULIGAN | U3: Ειδικά εργαλεία κοπής υαλοπινάκων | X3: Τάκοι ακινοιτοποίησης διαφόρων διαστάσεων | Z3: Αερόσακοι χαμηλης πίεσης 12,5 τόνων έκαστος | AB3: Καλύματα μη ενεργοποίησης αερόσακων | AD3: Εργαλεία θραύσης υαλοπινάκων | AF3: Εφεδρικές λεπίδες | AH3: Υδραυλικός γρύλλος | AJ3: Αντλία ελαίου γρύλου | AL3: Πλατφόρμα Διάσωσης Σπαστή | AN3: Εργαλείο Διάρηξης | AP3: Γαλλικά κλειδιά
D5: ΛΕΠΤΟΜΕΡΕΙΕΣ
B7: Μήνας | C7: Ημέρα
D8: Αύξων αριθμός ονομαστικού | K8: 266 | M8: 280 | O8: 281 | Q8: 283 | S8: 285 | U8: 286 | X8: 287 | Z8: 288 | AB8: 289 | AD8: 298 | AF8: 298α | AH8: 299 | AJ8: 300 | AL8: 311 | AN8: 312 | AP8: 313
D10: Δ.΄Β.΄Ε.΄
D12: ΕΞΟΠΛΙΣΜΟΣ ΕΙΔΙΚΩΝ ΟΧΗΜΑΤΩΝ | K12: Χ | L12: Π | M12: Χ | N12: Π | O12: Χ | P12: Π | Q12: Χ | R12: Π | S12: Χ | T12: Π | U12: Χ | V12: Π | X12: Χ | Y12: Π | Z12: Χ | AA12: Π | AB12: Χ | AC12: Π | AD12: Χ | AE12: Π | AF12: Χ | AG12: Π | AH12: Χ | AI12: Π | AJ12: Χ | AK12: Π | AL12: Χ | AM12: Π | AN12: Χ | AO12: Π | AP12: Χ | AQ12: Π
B13: Ιανουάριος | C13: 1 | D13: Υπόλοιπο από μεταφορά έτους 2023 | K13: 1 | L13: 0 | M13: 1 | N13: 0 | O13: 4 | P13: 0 | Q13: 5 | R13: 0 | S13: 5 | T13: 0 | U13: 9 | V13: 0 | X13: 21 | Y13: 0 | Z13: 6 | AA13: 0 | AB13: 6 | AC13: 0 | AD13: 6 | AE13: 0 | AF13: 4 | AG13: 0 | AH13: 1 | AI13: 0 | AJ13: 1 | AK13: 0 | AL13: 1 | AM13: 0 | AN13: 8 | AO13: 0 | AP13: 1 | AQ13: 0
A14: 1 | AN14: 1
A15: 2 | S15: 1

Sheet ΔΒΕ(202)
A1: ΒΙΒΛΙΟ | X1: ΥΛΙΚΟΥ ΔΙΟΙΚΗΣΗΣ Π.Υ. ΝΟΜΟΥ ΚΕΡΚΥΡΑΣ
A3: Αύξων αριθμός δικαιολογητικών | B3: 2026 | D3: Σελίδα 202 | K3: Υδραυλικό Εργαλείο Πολλαπλής Χρήσης (Ηλεκτρικό) | M3: Μίνι κόφτης με αντλία HOLMATRO | O3: Αεροσκηνή | Q3: Ράμφοι Ψαλιδιών | S3: Φακοί Προειδοποιητικοί με μπαταρίες | U3: Μειωτήρες Πιέσεως | X3: Περισκελίδες Πλαστικής Επένδυσης | Z3: Διασωστικά Εργαλεία
D5: ΛΕΠΤΟΜΕΡΕΙΕΣ
B7: Μήνας | C7: Ημέρα
D8: Αύξων αριθμός ονομαστικού | K8: 323 | M8: 282 | O8: 284 | Q8: 1α | S8: 67 | U8: 202 | X8: 19 | Z8: 285α
D10: Δ.΄Β.΄Ε.΄
D12: ΕΞΟΠΛΙΣΜΟΣ ΕΙΔΙΚΩΝ ΟΧΗΜΑΤΩΝ | K12: Χ | L12: Π | M12: Χ | N12: Π | O12: Χ | P12: Π | Q12: Χ | R12: Π | S12: Χ | T12: Π | U12: Χ | V12: Π | X12: Χ | Y12: Π | Z12: Χ | AA12: Π | AB12: Χ | AC12: Π | AD12: Χ | AE12: Π | AF12: Χ | AG12: Π | AH12: Χ | AI12: Π | AJ12: Χ | AK12: Π | AL12: Χ | AM12: Π | AN12: Χ | AO12: Π | AP12: Χ | AQ12: Π
D13: Υπόλοιπο από μεταφορά έτους 2023 | K13: 2 | L13: 0 | M13: 1 | N13: 0 | O13: 1 | P13: 0 | Q13: 2 | R13: 0 | S13: 5 | T13: 0 | U13: 3 | V13: 0
A14: 1 | Z14: 1
A15: 2

Sheet ΔΒΕ(204)
A1: ΒΙΒΛΙΟ | X1: ΥΛΙΚΟΥ ΔΙΟΙΚΗΣΗΣ Π.Υ. ΝΟΜΟΥ ΚΕΡΚΥΡΑΣ
A3: Αύξων αριθμός δικαιολογητικών | B3: 2026 | D3: Σελίδα 204
D5: ΛΕΠΤΟΜΕΡΕΙΕΣ
B7: Μήνας | C7: Ημέρα
D8: Αύξων αριθμός ονομαστικού
D10: Δ.΄Β.΄Ε.΄
D12: ΕΞΟΠΛΙΣΜΟΣ ΕΙΔΙΚΩΝ ΟΧΗΜΑΤΩΝ | K12: Χ | L12: Π | M12: Χ | N12: Π | O12: Χ | P12: Π | Q12: Χ | R12: Π | S12: Χ | T12: Π | U12: Χ | V12: Π | X12: Χ | Y12: Π | Z12: Χ | AA12: Π | AB12: Χ | AC12: Π | AD12: Χ | AE12: Π | AF12: Χ | AG12: Π | AH12: Χ | AI12: Π | AJ12: Χ | AK12: Π | AL12: Χ | AM12: Π | AN12: Χ | AO12: Π | AP12: Χ | AQ12: Π
D13: Υπόλοιπο από μεταφορά έτους 2023

Sheet ΔΒΖ(206)
A1: ΒΙΒΛΙΟ | X1: ΥΛΙΚΟΥ ΔΙΟΙΚΗΣΗΣ Π.Υ. ΝΟΜΟΥ ΚΕΡΚΥΡΑΣ
A3: Αύξων αριθμός δικαιολογητικών | B3: 2026 | D3: Σελίδα 206 | K3: Δεξαμενές καυσίμων κτιριακών εγκαταστάσεων
D5: ΛΕΠΤΟΜΕΡΕΙΕΣ
B7: Μήνας | C7: Ημέρα
D8: Αύξων αριθμός ονομαστικού | K8: 3
D10: Δ.΄Β.΄Ζ.΄
D12: ΕΝΑΕΡΙΑ ΜΕΣΑ-ΠΑΡΕΛΚΟΜΕΝΑ | K12: Χ | L12: Π | M12: Χ | N12: Π | O12: Χ | P12: Π | Q12: Χ | R12: Π | S12: Χ | T12: Π | U12: Χ | V12: Π | X12: Χ | Y12: Π | Z12: Χ | AA12: Π | AB12: Χ | AC12: Π | AD12: Χ | AE12: Π | AF12: Χ | AG12: Π | AH12: Χ | AI12: Π | AJ12: Χ | AK12: Π | AL12: Χ | AM12: Π | AN12: Χ | AO12: Π | AP12: Χ | AQ12: Π
B13: Ιανουάριος | C13: 1 | D13: Υπόλοιπο από μεταφορά έτους 2023 | K13: 0 | L13: 0

Sheet Sheet1()
A1: ΒΙΒΛΙΟ | X1: ΥΛΙΚΟΥ ΔΙΟΙΚΗΣΗΣ Π.Υ. ΝΟΜΟΥ ΚΕΡΚΥΡΑΣ
A3: Αύξων αριθμός δικαιολογητικών | B3: 2026 | D3: Σελίδα 208 | K3: Ανταλλακτικά Επισκευής
D5: ΛΕΠΤΟΜΕΡΕΙΕΣ
B7: Μήνας | C7: Ημέρα
D8: Αύξων αριθμός ονομαστικού | K8: 265
D10: Γ.Α.Ε.
D12: ΑΝΤΑΛΛΑΚΤΙΚΑ ΟΧΗΜΑΤΩΝ INTERNATIONAL
B13: Ιανουάριος | C13: 1 | D13: Υπόλοιπο από μεταφορά έτους 2023 | K13: 0 | L13: 0

Sheet Sheet2()
A1: ΒΙΒΛΙΟ | X1: ΥΛΙΚΟΥ ΔΙΟΙΚΗΣΗΣ Π.Υ. ΝΟΜΟΥ ΚΕΡΚΥΡΑΣ
B3: 2026 | D3: Σελίδα
D13: Υπόλοιπο από μεταφορά έτους 2023

Sheet Sheet3()
A1: ΒΙΒΛΙΟ | X1: ΥΛΙΚΟΥ ΔΙΟΙΚΗΣΗΣ Π.Υ. ΝΟΜΟΥ ΚΕΡΚΥΡΑΣ
B3: 2026 | D3: Σελίδα
D13: Υπόλοιπο από μεταφορά έτους 2023

Sheet Sheet4()
A1: ΒΙΒΛΙΟ | X1: ΥΛΙΚΟΥ ΔΙΟΙΚΗΣΗΣ Π.Υ. ΝΟΜΟΥ ΚΕΡΚΥΡΑΣ
B3: 2026 | D3: Σελίδα
AH12: Χ | AI12: Π | AJ12: Χ | AK12: Π | AL12: Χ | AM12: Π | AN12: Χ | AO12: Π | AP12: Χ | AQ12: Π
D13: Υπόλοιπο από μεταφορά έτους 2023

Sheet Sheet5()
A1: ΒΙΒΛΙΟ
B3: 2026 | D3: Σελίδα
K12: Χ | L12: Π | M12: Χ | N12: Π | O12: Χ | P12: Π | Q12: Χ | R12: Π | S12: Χ | T12: Π | U12: Χ | V12: Π
D13: Υπόλοιπο από μεταφορά έτους 2023
